HOUR,DEPOSITS,WITHDRAWALS
2021-05-24T19:00:00Z,15671611.477528509,-16118143.42319493
2021-05-24T18:00:00Z,55822105.81145937,-12453383.76816622
2021-05-24T17:00:00Z,14569393.3258465,-54625040.56030926
2021-05-24T16:00:00Z,41195547.09431025,-15761619.767097615
2021-05-24T15:00:00Z,80551400.07068251,-85643618.85886747
2021-05-24T14:00:00Z,62573354.01336779,-29885260.315011024
2021-05-24T13:00:00Z,35734989.5806926,-6921887.288149443
2021-05-24T12:00:00Z,32831383.488041725,-36757478.952869184
2021-05-24T11:00:00Z,25468777.76484819,-20484915.770487413
2021-05-24T10:00:00Z,13078138.756245574,-13292516.28168276
2021-05-24T09:00:00Z,25327393.182784338,-11435415.998138884
2021-05-24T08:00:00Z,26861695.605150647,-10054092.463452548
2021-05-24T07:00:00Z,19897333.42717711,-28040399.54731971
2021-05-24T06:00:00Z,36941486.03789114,-19952681.548365004
2021-05-24T05:00:00Z,33334439.34466017,-33132906.685410593
2021-05-24T04:00:00Z,19338153.68912021,-13862047.411454456
2021-05-24T03:00:00Z,95381648.02422439,-19851132.70720064
2021-05-24T02:00:00Z,5799801.690651571,-2289411.284044107
2021-05-24T01:00:00Z,43112347.612562925,-16146506.95764332
2021-05-24T00:00:00Z,17329518.41457479,-20909677.592315238
2021-05-23T23:00:00Z,11868121.645720392,-2021327.7525814786
2021-05-23T22:00:00Z,9864170.471359722,-5092099.41329252
2021-05-23T21:00:00Z,5868283.657911699,-6826539.153572036
2021-05-23T20:00:00Z,12594832.564546196,-6083958.772038424
2021-05-23T19:00:00Z,5735104.036410577,-7105774.925881909
2021-05-23T18:00:00Z,40329824.77698606,-27696328.776022587
2021-05-23T17:00:00Z,7116636.855683843,-1792432.2902780639
2021-05-23T16:00:00Z,2942128.2207434606,-29492913.297971282
2021-05-23T15:00:00Z,42736406.250266954,-69701167.34276061
2021-05-23T14:00:00Z,12806305.30123809,-8758140.57983384
2021-05-23T13:00:00Z,66189511.61245353,-44292353.161046796
2021-05-23T12:00:00Z,14538733.052416526,-37480190.77776251
2021-05-23T11:00:00Z,7528402.441447149,-6682970.745351265
2021-05-23T10:00:00Z,5225623.280963457,-3595973.248888873
2021-05-23T09:00:00Z,21056865.786645316,-16622318.506248463
2021-05-23T08:00:00Z,6998894.0780711165,-17265062.540975105
2021-05-23T07:00:00Z,5321720.835034538,-5238812.353950708
2021-05-23T06:00:00Z,10489445.98820372,-4485861.443625727
2021-05-23T05:00:00Z,3491711.9230220686,-5291030.556977956
2021-05-23T04:00:00Z,5529767.699716117,-2087606.2530060876
2021-05-23T03:00:00Z,4854677.363685675,-5637987.116975024
2021-05-23T02:00:00Z,2315917.956842877,-2774007.5789513574
2021-05-23T01:00:00Z,17657217.175050445,-4530389.613061747
2021-05-23T00:00:00Z,3455530.414851483,-12584388.118047448
2021-05-22T23:00:00Z,5609728.267633807,-1297407.5369800972
2021-05-22T22:00:00Z,1417101.6596627673,-219069.68958096026
2021-05-22T21:00:00Z,4150748.864097879,-454176.6141104703
2021-05-22T20:00:00Z,7879100.477186384,-2488200.667536543
2021-05-22T19:00:00Z,9236280.929563664,-3432230.507055736
2021-05-22T18:00:00Z,23728420.794771258,-21112433.035512187
2021-05-22T17:00:00Z,8485840.792527774,-5119326.579648677
2021-05-22T16:00:00Z,19792424.448876586,-15821584.91177457
2021-05-22T15:00:00Z,4070003.0446590493,-2894058.1856626095
2021-05-22T14:00:00Z,8442858.53185392,-975171.433855709
2021-05-22T13:00:00Z,7554052.805389072,-5446673.81330251
2021-05-22T12:00:00Z,2424516.7653207164,-3189380.7256909367
2021-05-22T11:00:00Z,6471506.458571253,-5409303.145612621
2021-05-22T10:00:00Z,6560904.76310793,-5000801.552784312
2021-05-22T09:00:00Z,24344168.440911517,-15247385.13881734
2021-05-22T08:00:00Z,16406535.732986616,-3156043.315771599
2021-05-22T07:00:00Z,11935238.100494508,-25120378.509433277
2021-05-22T06:00:00Z,10747917.955636837,-11774025.696492147
2021-05-22T05:00:00Z,38905109.759428,-37575135.25378597
2021-05-22T04:00:00Z,15878083.370264873,-5285941.932249227
2021-05-22T03:00:00Z,21993040.360494424,-31696960.010301284
2021-05-22T02:00:00Z,4368209.855517782,-2433328.5562700327
2021-05-22T01:00:00Z,17928059.74649317,-14064346.066758541
2021-05-22T00:00:00Z,5277226.802028585,-6000395.009539908
2021-05-21T23:00:00Z,7461965.165480618,-3339049.7349402714
2021-05-21T22:00:00Z,2591665.4668819862,-7532258.065145852
2021-05-21T21:00:00Z,10447223.677182471,-57918278.52797552
2021-05-21T20:00:00Z,3738790.3913898207,-10714803.963894447
2021-05-21T19:00:00Z,16278640.108501254,-20614357.005881045
2021-05-21T18:00:00Z,23925792.437317863,-20535238.97939303
2021-05-21T17:00:00Z,19007018.88020555,-13343989.511513632
2021-05-21T16:00:00Z,18318535.905098695,-23402293.720571905
2021-05-21T15:00:00Z,5461949.29570356,-22214571.831644673
2021-05-21T14:00:00Z,14137037.87741242,-15936554.412110556
2021-05-21T13:00:00Z,12685327.700518053,-9125788.767719263
2021-05-21T12:00:00Z,16478566.106357966,-9815970.10026556
2021-05-21T11:00:00Z,19008998.365778107,-29371029.613146227
2021-05-21T10:00:00Z,11228010.044506751,-4316584.7456312515
2021-05-21T09:00:00Z,34052786.06413089,-17810842.03288354
2021-05-21T08:00:00Z,31588743.724081054,-9314099.644134678
2021-05-21T07:00:00Z,17086346.839802053,-10886332.234185599
2021-05-21T06:00:00Z,9746640.85661337,-5805759.877739661
2021-05-21T05:00:00Z,34657903.640984,-34669389.31534649
2021-05-21T04:00:00Z,3201282.8205007715,-2553379.2019635485
2021-05-21T03:00:00Z,24538299.83947903,-3864267.9084948893
2021-05-21T02:00:00Z,13628794.369255815,-4081655.301092005
2021-05-21T01:00:00Z,14269001.570172552,-3031633.859180768
2021-05-21T00:00:00Z,2982726.6219810564,-25901482.98287071
2021-05-20T23:00:00Z,4676210.543475278,-5788992.5119687375
2021-05-20T22:00:00Z,871359.1902564233,-1241179.1068703122
2021-05-20T21:00:00Z,4471066.692849594,-8974137.151901126
2021-05-20T20:00:00Z,2137336.657059909,-133256.6059723199
2021-05-20T19:00:00Z,18100983.5034847,-10039493.784863282
2021-05-20T18:00:00Z,2944361.527640564,-21387122.004399385
2021-05-20T17:00:00Z,8715262.84410971,-4232202.747387083
2021-05-20T16:00:00Z,1798850.9543954502,-3118418.4394111587
2021-05-20T15:00:00Z,7727637.905839658,-3595944.0977179036
2021-05-20T14:00:00Z,18607690.06925885,-8681963.765657753
2021-05-20T13:00:00Z,60300563.30624318,-15063552.067388026
2021-05-20T12:00:00Z,21009591.67987028,-24080728.969332807
2021-05-20T11:00:00Z,9972327.533048019,-2145465.3090746887
2021-05-20T10:00:00Z,13765374.18182178,-11396724.287539002
2021-05-20T09:00:00Z,11967593.120536195,-1468458.8220458084
2021-05-20T08:00:00Z,7555044.589559192,-1498632.6476202747
2021-05-20T07:00:00Z,19392415.133180324,-7540767.109077709
2021-05-20T06:00:00Z,10370222.540097984,-1683124.299648529
2021-05-20T05:00:00Z,2056550.7720826808,-3610838.7386784055
2021-05-20T04:00:00Z,5329343.240507219,-7957757.145462122
2021-05-20T03:00:00Z,30094075.337190866,-4207572.462750355
2021-05-20T02:00:00Z,51209876.717642546,-4813910.642854367
2021-05-20T01:00:00Z,21160029.529075228,-15348008.829980185
2021-05-20T00:00:00Z,990938.6050519334,-8482525.000884661
2021-05-19T23:00:00Z,6131282.625392365,-1697891.7869895578
2021-05-19T22:00:00Z,16024800.580636445,-4025753.8708058023
2021-05-19T21:00:00Z,19165636.566123195,-3674396.8493237183
2021-05-19T20:00:00Z,15350267.03844563,-12970251.74786123
2021-05-19T19:00:00Z,5161930.25750518,-6561106.678244419
2021-05-19T18:00:00Z,43874904.526469916,-43035524.42952526
2021-05-19T17:00:00Z,39036739.647700235,-32528209.741203047
2021-05-19T16:00:00Z,19244257.51942523,-17689091.23514232
2021-05-19T15:00:00Z,12892280.539439669,-10845282.271415226
2021-05-19T14:00:00Z,36890442.810969695,-34928283.954430394
2021-05-19T13:00:00Z,7309809.287039388,-34774173.32955319
2021-05-19T12:00:00Z,11394188.500248928,-34234658.62465747
2021-05-19T11:00:00Z,13212120.709697718,-41954561.403996214
2021-05-19T10:00:00Z,15829829.261001334,-8602983.94945507
2021-05-19T09:00:00Z,14547490.965353983,-21665572.70001886
2021-05-19T08:00:00Z,7530939.073507974,-4809626.785065453
2021-05-19T07:00:00Z,24378322.769351084,-19596395.808734857
2021-05-19T06:00:00Z,7575399.226882907,-17494080.305105373
2021-05-19T05:00:00Z,15871080.187059272,-10828921.907654153
2021-05-19T04:00:00Z,16752537.67971158,-30098962.930358153
2021-05-19T03:00:00Z,9846578.344917923,-8204436.639437972
2021-05-19T02:00:00Z,6163466.02714595,-9491967.671489831
2021-05-19T01:00:00Z,8906827.219735641,-10221395.369217426
2021-05-19T00:00:00Z,1754985.1675238432,-3859118.8367844317
2021-05-18T23:00:00Z,5041112.578085617,-8346688.909169318
2021-05-18T22:00:00Z,4546148.708701004,-1012825.6783507752
2021-05-18T21:00:00Z,1747341.6960731454,-2518969.724372619
2021-05-18T20:00:00Z,3316910.055111584,-1044038.005396063
2021-05-18T19:00:00Z,18980380.32818869,-1922431.2692275369
2021-05-18T18:00:00Z,981178.4229967996,-530112.9189688634
2021-05-18T17:00:00Z,9753448.066708006,-4824298.148575105
2021-05-18T16:00:00Z,4390763.95874764,-4515320.259982392
2021-05-18T15:00:00Z,7487545.154900811,-4702489.725820645
2021-05-18T14:00:00Z,66451708.8307937,-90149612.02264465
2021-05-18T13:00:00Z,12330574.817947255,-28007632.84818774
2021-05-18T12:00:00Z,7435772.380388033,-3859749.5622881055
2021-05-18T11:00:00Z,3598082.4002297707,-5709641.067264293
2021-05-18T10:00:00Z,13318706.394684957,-9205691.953695681
2021-05-18T09:00:00Z,27468844.386957075,-14863902.277502606
2021-05-18T08:00:00Z,10374140.221604725,-13686766.757099442
2021-05-18T07:00:00Z,2333864.3613412036,-1307389.315786127
2021-05-18T06:00:00Z,12025523.524440961,-5959040.828117474
2021-05-18T05:00:00Z,15334049.230043,-3202808.931680951
2021-05-18T04:00:00Z,3525748.4688542937,-4959354.56862539
2021-05-18T03:00:00Z,4399090.249546132,-1737492.9137035606
2021-05-18T02:00:00Z,26893036.35629812,-7194861.1143762665
2021-05-18T01:00:00Z,7448684.627626554,-2602442.574769616
2021-05-18T00:00:00Z,33841983.64579462,-8538789.44136145
2021-05-17T23:00:00Z,16451412.975865716,-15749998.609749028
2021-05-17T22:00:00Z,21853494.105777625,-7632410.513314888
2021-05-17T21:00:00Z,5037661.038288104,-14595339.970303366
2021-05-17T20:00:00Z,7086371.8158376645,-4695830.564858817
2021-05-17T19:00:00Z,6123333.1329179695,-4530259.798495138
2021-05-17T18:00:00Z,9761966.737821037,-1170471.4781139293
2021-05-17T17:00:00Z,20926648.549868546,-17746684.97508741
2021-05-17T16:00:00Z,11691822.071672471,-10836440.646953553
2021-05-17T15:00:00Z,10982467.316561121,-11807622.492991943
2021-05-17T14:00:00Z,3871597.610415392,-4559909.033566889
2021-05-17T13:00:00Z,6504761.610258732,-1689660.9551164682
2021-05-17T12:00:00Z,8557200.887720784,-4115988.096051999
2021-05-17T11:00:00Z,16126220.896774404,-6759519.344286488
2021-05-17T10:00:00Z,10341060.459389417,-8384321.739193985
2021-05-17T09:00:00Z,2685606.0947006755,-796558.588511953
2021-05-17T08:00:00Z,2339548.819948492,-597195.847087752
2021-05-17T07:00:00Z,10024717.542995172,-7327929.369526906
2021-05-17T06:00:00Z,28692866.058204792,-14824345.800313603
2021-05-17T05:00:00Z,16076800.332297105,-3610359.6169879166
2021-05-17T04:00:00Z,8428625.907651963,-11938356.2310538
2021-05-17T03:00:00Z,11597680.376004197,-13980947.81155053
2021-05-17T02:00:00Z,53852396.652080074,-28821114.81192825
2021-05-17T01:00:00Z,7380173.38506123,-6974170.368202632
2021-05-17T00:00:00Z,4353545.677579221,-1994720.0352739603
2021-05-16T23:00:00Z,1605681.843411184,-1192319.5516293377
2021-05-16T22:00:00Z,15368302.081669651,-4117947.951329039
2021-05-16T21:00:00Z,9316325.991700223,-12229241.584032217
2021-05-16T20:00:00Z,2512851.285403491,-28173916.074769
2021-05-16T19:00:00Z,15037633.986111669,-25556173.222764906
2021-05-16T18:00:00Z,38588690.49856248,-39235804.88397649
2021-05-16T17:00:00Z,6818954.440993245,-4079894.916329124
2021-05-16T16:00:00Z,5621417.185671721,-7540461.149461233
2021-05-16T15:00:00Z,9947500.303021397,-2289896.0650890516
2021-05-16T14:00:00Z,3378106.9043258075,-2598450.2328638737
2021-05-16T13:00:00Z,3270551.3527903366,-5253695.856862865
2021-05-16T12:00:00Z,17018019.234179784,-454297.5749661961
2021-05-16T11:00:00Z,4414935.428515776,-2956588.3460530927
2021-05-16T10:00:00Z,2127650.0458340156,-685012.7214387516
2021-05-16T09:00:00Z,2921031.3398677125,-1982176.050144938
2021-05-16T08:00:00Z,2800961.1638970138,-325164.81714171346
2021-05-16T07:00:00Z,2931416.639474416,-979450.148237953
2021-05-16T06:00:00Z,6083984.012352301,-1562133.2347016814
2021-05-16T05:00:00Z,7313418.445856101,-1872082.9582193538
2021-05-16T04:00:00Z,4726108.3536426,-3496959.8343973164
2021-05-16T03:00:00Z,11209873.068984192,-1850339.2942044293
2021-05-16T02:00:00Z,8149450.00683195,-4982967.756676967
2021-05-16T01:00:00Z,1991960.819371736,-616309.9229756619
2021-05-16T00:00:00Z,9934866.01775702,-12596032.049535254
2021-05-15T23:00:00Z,4874084.584560947,-3935070.45728812
2021-05-15T22:00:00Z,5602026.109107687,-380223.30712526734
2021-05-15T21:00:00Z,16208400.218698166,-16065662.752272964
2021-05-15T20:00:00Z,6112346.699237723,-2214759.0040263236
2021-05-15T19:00:00Z,5300337.470686236,-3451104.091076193
2021-05-15T18:00:00Z,21311013.829808377,-10005800.220685706
2021-05-15T17:00:00Z,13262560.327087922,-20493950.434704877
2021-05-15T16:00:00Z,6633342.2653140705,-5290288.352562268
2021-05-15T15:00:00Z,8302839.628558309,-2981065.7427378427
2021-05-15T14:00:00Z,2524880.222356205,-2262733.0612925687
2021-05-15T13:00:00Z,7160374.780155043,-8235829.160014791
2021-05-15T12:00:00Z,6249912.92324771,-3593208.3020593394
2021-05-15T11:00:00Z,24059500.658217985,-29794534.46793683
2021-05-15T10:00:00Z,2743322.1667067315,-1640160.3712996887
2021-05-15T09:00:00Z,5290822.796799383,-1990012.4069497597
2021-05-15T08:00:00Z,5499528.503469491,-1276029.035794401
2021-05-15T07:00:00Z,3242955.692319735,-2727760.468892597
2021-05-15T06:00:00Z,2438409.9698317125,-833345.1175432265
2021-05-15T05:00:00Z,13845758.539804913,-1966749.2993026602
2021-05-15T04:00:00Z,11130849.42078408,-7205943.468197811
2021-05-15T03:00:00Z,5022973.877766189,-4198135.629050304
2021-05-15T02:00:00Z,7236189.822246948,-1625411.0984547308
2021-05-15T01:00:00Z,9866704.310729617,-6387140.017433755
2021-05-15T00:00:00Z,3100718.808500568,-1105022.4799340572
2021-05-14T23:00:00Z,265252.27302425384,-75159.64956804726
2021-05-14T22:00:00Z,3732462.4030573554,-1560973.609072333
2021-05-14T21:00:00Z,3188477.7935078945,-126960841.40463282
2021-05-14T20:00:00Z,4036723.0016944217,-827137.0138206603
2021-05-14T19:00:00Z,4995175.416877226,-6075307.741474933
2021-05-14T18:00:00Z,21296291.320906762,-16458989.076191504
2021-05-14T17:00:00Z,12388305.29329145,-7175664.615031513
2021-05-14T16:00:00Z,7292337.780398505,-5873983.299140457
2021-05-14T15:00:00Z,33804663.23717722,-5408114.928245776
2021-05-14T14:00:00Z,41611970.26275508,-1862371.8943013144
2021-05-14T13:00:00Z,7303357.24694921,-2288953.1497005904
2021-05-14T12:00:00Z,7500308.678603609,-1895055.692066701
2021-05-14T11:00:00Z,8541192.785116114,-5028559.928922033
2021-05-14T10:00:00Z,7431024.978509519,-3865381.9523533797
2021-05-14T09:00:00Z,2519457.288674034,-14504478.8496692
2021-05-14T08:00:00Z,10916268.303207377,-7899603.598638306
2021-05-14T07:00:00Z,5398236.572957772,-4907169.628669874
2021-05-14T06:00:00Z,3270869.5309347697,-1297726.1878120475
2021-05-14T05:00:00Z,5065365.911426467,-3446689.87252814
2021-05-14T04:00:00Z,5339676.5071609,-1279175.3838330994
2021-05-14T03:00:00Z,4863471.588752351,-316845.72516716784
2021-05-14T02:00:00Z,36218343.49717854,-21795475.288257927
2021-05-14T01:00:00Z,8543403.068249907,-9820612.576903805
2021-05-14T00:00:00Z,6334497.725239514,-1881006.7611466935
2021-05-13T23:00:00Z,5574162.622311946,-7399042.277288111
2021-05-13T22:00:00Z,11604923.539387874,-2491823.7250514715
2021-05-13T21:00:00Z,6007371.693593565,-3204430.1227484886
2021-05-13T20:00:00Z,7935055.0294387285,-2362544.154811572
2021-05-13T19:00:00Z,8003132.651520486,-4783707.836669964
2021-05-13T18:00:00Z,23532234.93823958,-33946491.743418865
2021-05-13T17:00:00Z,3157149.769781637,-11027283.035967663
2021-05-13T16:00:00Z,5245810.5277071325,-2505384.8311843914
2021-05-13T15:00:00Z,6671107.568764071,-9178778.534969816
2021-05-13T14:00:00Z,29595190.895360522,-4857990.022234378
2021-05-13T13:00:00Z,11012579.146144647,-13154144.082596557
2021-05-13T12:00:00Z,5421241.929918668,-8855930.472644309
2021-05-13T11:00:00Z,15373797.35398825,-10774026.381702296
2021-05-13T10:00:00Z,29866271.934453506,-29736300.870264374
2021-05-13T09:00:00Z,14770799.334766444,-5345150.448031569
2021-05-13T08:00:00Z,8092559.500779875,-3782428.7145402236
2021-05-13T07:00:00Z,2318369.4587646914,-554539.1139087973
2021-05-13T06:00:00Z,2083519.2875397897,-914316.1709905057
2021-05-13T05:00:00Z,2421707.6174829975,-1783669.1114983396
2021-05-13T04:00:00Z,5420203.827170776,-2879128.1777666174
2021-05-13T03:00:00Z,7809058.067581701,-3416161.138079064
2021-05-13T02:00:00Z,14514116.969116328,-1512690.474994066
2021-05-13T01:00:00Z,4190310.6605537576,-4175618.731422243
2021-05-13T00:00:00Z,2065402.5217306195,-5118327.640552497
2021-05-12T23:00:00Z,40706403.20439705,-1540994.516550227
2021-05-12T22:00:00Z,2286364.8426517653,-5734392.49486969
2021-05-12T21:00:00Z,2487318.628474897,-2226494.8905007313
2021-05-12T20:00:00Z,36766531.43143735,-2007698.6077037372
2021-05-12T19:00:00Z,8127385.239844684,-1125268.8419156834
2021-05-12T18:00:00Z,90679744.88485697,-6002658.512367545
2021-05-12T17:00:00Z,679142.8412932458,-11111982.265011199
2021-05-12T16:00:00Z,7653568.021755669,-2859499.4580880664
2021-05-12T15:00:00Z,16029890.402485816,-10887993.98889858
2021-05-12T14:00:00Z,1086317.068980719,-446915.8246540174
2021-05-12T13:00:00Z,3826915.3703483744,-3709315.9470097437
2021-05-12T12:00:00Z,2514672.7936095563,-10173609.158113336
2021-05-12T11:00:00Z,2405056.8878035145,-733974.1891469146
2021-05-12T10:00:00Z,2264173.766517842,-2507226.95481478
2021-05-12T09:00:00Z,5715449.338277159,-2204320.373893295
2021-05-12T08:00:00Z,4167812.927692189,-974963.08673433
2021-05-12T07:00:00Z,9330867.502306327,-8428146.200317478
2021-05-12T06:00:00Z,8996072.802318446,-1852705.4462683804
2021-05-12T05:00:00Z,10953117.134784022,-6445411.729907074
2021-05-12T04:00:00Z,9756523.905815328,-10899364.392783912
2021-05-12T03:00:00Z,1467072.2137434117,-2114078.0323323845
2021-05-12T02:00:00Z,11390852.333336586,-844454.4056280244
2021-05-12T01:00:00Z,6805133.547834812,-5689184.838645514
2021-05-12T00:00:00Z,2701247.7422356945,-2322498.783746919
2021-05-11T23:00:00Z,5315668.459475504,-2513556.0228090673
2021-05-11T22:00:00Z,6558258.687020418,-3492044.176158108
2021-05-11T21:00:00Z,53876236.73667995,-1780569.9383137575
2021-05-11T20:00:00Z,2306094.50665728,-4506999.328429485
2021-05-11T19:00:00Z,1874064.958818567,-2218976.680721807
2021-05-11T18:00:00Z,2260634.989984231,-1099470.9857134174
2021-05-11T17:00:00Z,14529964.16420144,-1610851.2812413229
2021-05-11T16:00:00Z,2636920.0105475546,-2689272.557596151
2021-05-11T15:00:00Z,16134115.178491687,-4556676.72717491
2021-05-11T14:00:00Z,5140854.051417285,-2167136.5140865487
2021-05-11T13:00:00Z,2304460.0221265885,-332879.4446377497
2021-05-11T12:00:00Z,952775.8585243409,-8117386.468733951
2021-05-11T11:00:00Z,6074133.3359182095,-1151664.6814629312
2021-05-11T10:00:00Z,6043359.586864236,-3424078.8062454048
2021-05-11T09:00:00Z,5723060.895037343,-6286750.950703121
2021-05-11T08:00:00Z,2062810.7622313176,-1165845.7896705326
2021-05-11T07:00:00Z,16795769.249118272,-1005366.8178370236
2021-05-11T06:00:00Z,1417280.9916323053,-251132.80895794794
2021-05-11T05:00:00Z,6243720.450274615,-213040.06946071557
2021-05-11T04:00:00Z,2434837.3084183857,-767338.4063063017
2021-05-11T03:00:00Z,4360881.114291861,-3757381.4618889876
2021-05-11T02:00:00Z,1940224.3378574066,-1352330.991201525
2021-05-11T01:00:00Z,5778913.78084869,-2158525.5557225915
2021-05-11T00:00:00Z,1766824.0833970613,-315727.7928595501
2021-05-10T23:00:00Z,4283161.788414448,-7765701.8726929985
2021-05-10T22:00:00Z,4261967.464395028,-5631224.047484051
2021-05-10T21:00:00Z,13158348.831323758,-13288428.428450964
2021-05-10T20:00:00Z,10463852.348693289,-6368361.243562484
2021-05-10T19:00:00Z,719435.6067767512,-466866.4376960443
2021-05-10T18:00:00Z,5890682.438306115,-4916055.614258727
2021-05-10T17:00:00Z,5149765.72759982,-1232859.0450332607
2021-05-10T16:00:00Z,13534708.883077003,-5713469.584018938
2021-05-10T15:00:00Z,4232993.747160525,-6203001.147798639
2021-05-10T14:00:00Z,990920.7043552296,-3767500.2654007566
2021-05-10T13:00:00Z,176241.9241434342,-289681.63000938686
2021-05-10T12:00:00Z,4298763.036730578,-3134708.3014968215
2021-05-10T11:00:00Z,5001712.868398044,-3163128.083906059
2021-05-10T10:00:00Z,3061028.752625247,-4758112.170233237
2021-05-10T09:00:00Z,5652313.737182754,-4683595.038129744
2021-05-10T08:00:00Z,5445084.880875805,-2026066.0221541994
2021-05-10T07:00:00Z,7368607.267912739,-7185712.9236827
2021-05-10T06:00:00Z,14155387.643397786,-13429635.159374285
2021-05-10T05:00:00Z,10624642.985229852,-12066743.088712573
2021-05-10T04:00:00Z,5431753.2406598935,-3894391.6320524514
2021-05-10T03:00:00Z,4748685.74388988,-5165073.111346789
2021-05-10T02:00:00Z,20332336.214944966,-35465300.03289404
2021-05-10T01:00:00Z,1910361.695307078,-1624172.5041293749
2021-05-10T00:00:00Z,3216120.3661394836,-265694.8632639949
2021-05-09T23:00:00Z,2849843.2870972245,-1571966.0598038032
2021-05-09T22:00:00Z,2726632.838500222,-4293909.08152433
2021-05-09T21:00:00Z,7583462.168029299,-1051046.3180443053
2021-05-09T20:00:00Z,14148742.72498723,-3354510.846278574
2021-05-09T19:00:00Z,2661056.8118584217,-1374756.3906311104
2021-05-09T18:00:00Z,35434410.021849446,-17241946.299689006
2021-05-09T17:00:00Z,14865497.303241309,-3193303.504217963
2021-05-09T16:00:00Z,3125129.7711158292,-13570289.786230098
2021-05-09T15:00:00Z,4099380.5636293013,-2887658.0096490774
2021-05-09T14:00:00Z,1978526.035292759,-600242.8594617952
2021-05-09T13:00:00Z,1948270.7337766902,-2110171.630214149
2021-05-09T12:00:00Z,19581824.44232796,-15886570.30987525
2021-05-09T11:00:00Z,19202266.367527235,-7736105.83326228
2021-05-09T10:00:00Z,3952261.4590613996,-3588153.888128574
2021-05-09T09:00:00Z,5555284.514123781,-2666872.2143553044
2021-05-09T08:00:00Z,7449583.749156975,-9216547.000186129
2021-05-09T07:00:00Z,8807557.979941383,-8536240.075938595
2021-05-09T06:00:00Z,6438676.731734461,-3020826.235161297
2021-05-09T05:00:00Z,4709582.631621109,-1805315.208788777
2021-05-09T04:00:00Z,13324844.032943798,-198267.63045400614
2021-05-09T03:00:00Z,4676679.07411863,-28817618.41738076
2021-05-09T02:00:00Z,3939034.6048083366,-3521559.1598050944
2021-05-09T01:00:00Z,4574244.130009401,-6730470.886414285
2021-05-09T00:00:00Z,2648784.9820576045,-2183912.2085359097
2021-05-08T23:00:00Z,15965475.026124138,-14377663.569832603
2021-05-08T22:00:00Z,3538285.2226232197,-2763521.3981851414
2021-05-08T21:00:00Z,15530626.624250261,-4847172.806082261
2021-05-08T20:00:00Z,19515725.00994629,-16147463.410209907
2021-05-08T19:00:00Z,17892481.273894876,-3012681.512058935
2021-05-08T18:00:00Z,12541833.553482391,-18266636.329758264
2021-05-08T17:00:00Z,27571642.81402536,-37273158.33868813
2021-05-08T16:00:00Z,4319617.186775908,-16176158.344735602
2021-05-08T15:00:00Z,4967223.142529278,-6587997.397420567
2021-05-08T14:00:00Z,4180725.963175933,-13308317.29712932
2021-05-08T13:00:00Z,1492979.8547860757,-2471753.130625478
2021-05-08T12:00:00Z,1972160.0442225637,-1384121.629902906
2021-05-08T11:00:00Z,2384663.1749609425,-11644230.036330687
2021-05-08T10:00:00Z,15001643.589775128,-5315896.9369894
2021-05-08T09:00:00Z,22479107.26476653,-6033413.552742809
2021-05-08T08:00:00Z,7995245.364393777,-11467183.028701287
2021-05-08T07:00:00Z,11210373.077705177,-7111754.627076579
2021-05-08T06:00:00Z,2256646.4714113446,-10221799.22206642
2021-05-08T05:00:00Z,1812220.1453415914,-3276641.064493996
2021-05-08T04:00:00Z,23545560.668411616,-17014647.421335675
2021-05-08T03:00:00Z,3301039.9384513535,-3004351.4729720806
2021-05-08T02:00:00Z,5334198.6874595,-3894291.3104705433
2021-05-08T01:00:00Z,33757507.78599563,-10093708.413250523
2021-05-08T00:00:00Z,22829144.123778787,-4409657.082168911
2021-05-07T23:00:00Z,20151457.717782293,-11302240.289378896
2021-05-07T22:00:00Z,3379165.6337606795,-4821787.643084386
2021-05-07T21:00:00Z,7839058.948632613,-3856248.5548503445
2021-05-07T20:00:00Z,6337615.227893891,-3676402.2727161907
2021-05-07T19:00:00Z,12193893.213406432,-1979357.354670342
2021-05-07T18:00:00Z,4941530.0486212615,-11569666.697592635
2021-05-07T17:00:00Z,12466794.119344253,-6220549.716086462
2021-05-07T16:00:00Z,7474853.836469978,-7462274.110468193
2021-05-07T15:00:00Z,7231807.928509515,-2780548.616127072
2021-05-07T14:00:00Z,18441118.750995293,-14439442.088719891
2021-05-07T13:00:00Z,14772935.824180048,-4289280.916931234
2021-05-07T12:00:00Z,8039711.98272671,-5434126.129187929
2021-05-07T11:00:00Z,4230995.768169352,-250474.25376026452
2021-05-07T10:00:00Z,11928925.806623977,-2938681.9315919224
2021-05-07T09:00:00Z,16570759.323911097,-5415939.73536702
2021-05-07T08:00:00Z,11285696.833138406,-2807857.3655080884
2021-05-07T07:00:00Z,13743899.261364635,-1299904.2785978657
2021-05-07T06:00:00Z,7970019.0548310885,-1017985.1233796632
2021-05-07T05:00:00Z,13629518.879493427,-2071814.6346417754
2021-05-07T04:00:00Z,32970876.50693362,-7084530.079619529
2021-05-07T03:00:00Z,5303847.117710984,-8417722.40447239
2021-05-07T02:00:00Z,4670212.96502568,-3442127.09286022
2021-05-07T01:00:00Z,4282216.580496889,-7853546.291051056
2021-05-07T00:00:00Z,6319327.908398709,-1535935.693627328
2021-05-06T23:00:00Z,8203548.481291519,-451996.6205706401
2021-05-06T22:00:00Z,14556159.894882582,-9772060.916498436
2021-05-06T21:00:00Z,14070870.774927232,-2203684.634110021
2021-05-06T20:00:00Z,14398339.835840479,-4366784.256128264
2021-05-06T19:00:00Z,8099619.225275398,-4730765.908550813
2021-05-06T18:00:00Z,23281659.929707285,-1834208.0586554634
2021-05-06T17:00:00Z,9073978.364578776,-1503150.465652538
2021-05-06T16:00:00Z,7792702.570291531,-1915090.165239193
2021-05-06T15:00:00Z,15351462.324224193,-1092146.5714986762
2021-05-06T14:00:00Z,7511816.593769218,-3592673.9767899388
2021-05-06T13:00:00Z,18948192.73106222,-15934181.14053436
2021-05-06T12:00:00Z,19546592.290737495,-10959807.768592091
2021-05-06T11:00:00Z,16194653.870311894,-3162635.9284438584
2021-05-06T10:00:00Z,17844006.895335324,-3796395.073388083
2021-05-06T09:00:00Z,9575467.783831649,-4518051.231563618
2021-05-06T08:00:00Z,11658540.878342178,-1949398.9678121053
2021-05-06T07:00:00Z,16084751.266476858,-3954477.7937205047
2021-05-06T06:00:00Z,8260559.351341423,-2831361.873674306
2021-05-06T05:00:00Z,11833471.852608163,-4049026.3600328136
2021-05-06T04:00:00Z,19988550.19792108,-3275638.132545625
2021-05-06T03:00:00Z,28681934.743510965,-1514596.4883746079
2021-05-06T02:00:00Z,9909896.880751919,-1412828.5879077956
2021-05-06T01:00:00Z,9545703.321886562,-1635918.558183784
2021-05-06T00:00:00Z,15822355.141666941,-1480942.3390563496
2021-05-05T23:00:00Z,13577190.018957349,-3818171.8556362647
2021-05-05T22:00:00Z,29952744.456324242,-1371094.9702589668
2021-05-05T21:00:00Z,59720002.31112705,-4551535.44354764
2021-05-05T20:00:00Z,31491737.700051244,-4420375.752960797
2021-05-05T19:00:00Z,25384342.594164822,-1640252.2381428997
2021-05-05T18:00:00Z,4103251.032609663,-227747.55753040302
2021-05-05T17:00:00Z,640509.7506422629,
2021-05-05T16:00:00Z,92918.61466415843,
2021-05-05T15:00:00Z,4265.680741844037,
