POOL_ADDRESS,POOL_NAME,SWAP_VOLUME_USD
0x8ad599c3a0ff1de082011efddc58f1908eb6e6d8,USDC-WETH 3000 60,5649175353.647339
0x4e68ccd3e89f51c3074ca5072bbac773960dfa36,WETH-USDT 3000 60,4348874772.45248
0xcbcdf9626bc03e24f779434178a73a0b4bad62ed,WBTC-WETH 3000 60,1969634641.1832516
0x7858e59e0c01ea06df3af3d20ac7b0003275d4bf,USDC-USDT 500 10,1885483273.417272
0x6c6bc977e13df9b0de53b251522280bb72383700,DAI-USDC 500 10,923465525.1869259
0x5764a6f2212d502bc5970f9f129ffcd61e5d7563,SHIB-WETH 10000 200,884132154.3383323
0xc2e9f25be6257c210d7adf0d4cd6e3e881ba25f8,DAI-WETH 3000 60,782102743.6422272
0x6f48eca74b38d2936b02ab603ff4e36a6c0e3a77,DAI-USDT 500 10,576620172.9432197
0x1d42064fc4beb5f8aaf85f4617ae8b3b5b8bd801,UNI-WETH 3000 60,542304417.3972716
0x5180545835bd68810fb7e11c7160bb7ea4ae8744,FEI-USDC 3000 60,472176126.58532774
0x99ac8ca7087fa4a2a1fb6357269965a2014abc35,WBTC-USDC 3000 60,329177382.8841143
0xa6cc3c2531fdaa6ae1a3ca84c2855806728693e8,LINK-WETH 3000 60,262651804.90531248
0x151ccb92bc1ed5c6d0f9adb5cec4763ceb66ac7f,ETH2x-FLI-WETH 3000 60,218476819.3656166
0x2f62f2b4c5fcd7570a709dec05d68ea19c82a9ec,SHIB-WETH 3000 60,167394464.379772
0x138080a0036e8c2c4c79d21e2a2c535fe0887d68,FEI-USDC 10000 200,162891723.60972354
0xf87bb87fd9ea1c260ddf77b9c707ad9437ff8364,WETH-TRIBE 3000 60,162346241.1427849
0x88e6a0c2ddd26feeb64f039a2c41296fcb3f5640,USDC-WETH 500 10,145127117.772143
0x06729eb2424da47898f935267bd4a62940de5105,CEL-WETH 3000 60,142889993.2242039
0x11b815efb8f581194ae79006d24e0d814b7697f6,WETH-USDT 500 10,123993173.8791737
0x290a6a7460b308ee3f19023d2d00de604bcf5b42,MATIC-WETH 3000 60,97924751.41249444
0xe8c6c9227491c0a8156a0106a0204d881bb7e531,MKR-WETH 3000 60,96786074.63611603
0xbd5fdda17bc27bb90e37df7a838b1bfc0dc997f5,USDC-EURS 500 10,77789791.76234828
0xcb0c5d9d92f4f2f80cce7aa271a1e148c226e19d,RAI-DAI 500 10,77541788.79942487
0x86e69d1ae728c9cd229f07bbf34e01bf27258354,WETH-TRU 10000 200,76245010.49551894
0xc246467ab1466f4963ba45c335479b3055e82060,LEASH-WETH 10000 200,62527328.24500425
0x9febc984504356225405e26833608b17719c82ae,1INCH-USDC 10000 200,57493922.41899287
0x11a38dbd302a30e52c54bb348d8fe662307ff24c,WETH-WOOFY 10000 200,56428238.46157054
0x3139bbba7f4b9125595cb4ebeefdac1fce7ab5f1,RUNE-WETH 3000 60,48885957.17537257
0x69d91b94f0aaf8e8a2586909fa77a5c2c89818d5,HEX-USDC 3000 60,48013813.32426683
0xcd9dab5e666de980cecdc180cb31f296733e2587,AKITA-WETH 10000 200,46995557.07632908
0x16980c16811bde2b3358c1ce4341541a4c772ec9,LUSD-DAI 500 10,43647267.145432286
0x6f483af1e32cc556d92de33c0b15c0f8b03a6d12,WETH-TRIBE 500 10,41888495.683515765
0x829e48efcff5e879a8e1a789ac173449decb591f,DAI-FEI 3000 60,39208788.327404566
0x2efec2097beede290b2eed63e2faf5ecbbc528fc,WETH-TRU 3000 60,38403187.26778777
0x68082ecc5bbad8fe77c2cb9d0e3403d9a00ccbc2,WDOGE-WETH 10000 200,36812881.79736676
0xd1d5a4c0ea98971894772dcd6d2f1dc71083c44e,LQTY-WETH 3000 60,35178255.89516167
0x7bea39867e4169dbe237d55c8242a8f2fcdcc387,USDC-WETH 10000 200,34763708.190012544
0x04ed15a29addad1e8189026d17879403997050a3,PSWAP-WETH 10000 200,33334122.63338917
0x3840d56cfe2c80ec2d6555dcda986a0982b0d2db,QUICK-WETH 3000 60,33098894.783386044
0xea4ba4ce14fdd287f380b55419b1c5b6c3f22ab6,COMP-WETH 3000 60,32011682.926573165
0x4c83a7f819a5c37d64b4c5a2f8238ea082fa1f4e,WETH-CRV 10000 200,29663290.010497205
0x868b7bbbfe148516e5397f23982923686182c2d2,UST-USDT 500 10,27872323.208503522
0x381fe4eb128db1621647ca00965da3f9e09f4fac,ELON-WETH 10000 200,26264288.546995714
0xd35efae4097d005720608eaf37e42a5936c94b44,1INCH-WETH 3000 60,25399279.80670627
0xc4580c566202f5343883d0c6a378a9de245c9399,OCC-USDC 3000 60,23472223.41675705
0xb0a115d33a93b6ee11c8c0539e30ae648aa5753f,LEASH-SHIB 10000 200,22596788.475825448
0x04916039b1f59d9745bf6e0a21f191d1e0a84287,YFI-WETH 3000 60,21527302.98642333
0x98409d8ca9629fbe01ab1b914ebf304175e384c8,WETH-VRA 3000 60,20542053.985281907
0x60594a405d53811d3bc4766596efd80fd545a270,DAI-WETH 500 10,19910538.17067956
0xba8eb224b656681b2b8cce9c3fc920d98594675b,RSR-WETH 3000 60,17641359.633751027
0xefbd546647fda46067225bd0221e08ba91071584,RVP-WETH 10000 200,17246598.944756012
0x94391eecd76d9cb35013d7f263b64921e31842c8,XOR-WETH 3000 60,16850943.81532176
0x9db9e0e53058c89e5b94e29621a205198648425b,WBTC-USDT 3000 60,16808029.503933962
0x4e0924d3a751be199c426d52fb1f2337fa96f736,LUSD-USDC 500 10,16234700.99008856
0xb06e7ed37cfa8f0f2888355dd1913e45412798c5,USDC-GRT 3000 60,16144982.090190787
0x0923b26b1874d76e9141450cc69241229e04914d,DAI-TRIBE 3000 60,14693128.901838742
0x73a6a761fe483ba19debb8f56ac5bbf14c0cdad1,SUSHI-WETH 3000 60,13625732.446740244
0x4585fe77225b41b697c938b018e2ac67ac5a20c0,WBTC-WETH 500 10,13597558.350702254
0xede8dd046586d22625ae7ff2708f879ef7bdb8cf,SNX-WETH 3000 60,12431683.42130874
0x07ed78c6c91ce18811ad281d0533819cf848075b,ERN-WETH 3000 60,11643833.627146143
0x632e675672f2657f227da8d9bb3fe9177838e726,RPL-WETH 3000 60,11394171.389473423
0x64652315d86f5dfae30885fbd29d1da05b63add7,FTM-WETH 3000 60,11263401.955156624
0x5ab53ee1d50eef2c1dd3d5402789cd27bb52c1bb,AAVE-WETH 3000 60,11108324.88001061
0x4eb91340079712550055f648e0984655f3683107,FEI-TRIBE 500 10,10613392.345753903
0x24ee2c6b9597f035088cda8575e9d5e15a84b9df,QNT-WETH 3000 60,10373770.164530754
0xcd83055557536eff25fd0eafbc56e74a1b4260b3,PERP-WETH 3000 60,9469722.03506627
0xdd5a65da22031b6ae5205fd89f67b5141e4f0ead,UBT-WETH 3000 60,9147415.397858704
0x9663f2ca0454accad3e094448ea6f77443880454,LUSD-WETH 3000 60,8727129.312165678
0x2dd56b633faa1a5b46107d248714c9ccb6e20920,REN-WETH 3000 60,8408236.802980097
0x4f2f3bdf115539a78a30769eb42489bd0f9d47da,USDC-DHT 3000 60,8195872.74439069
0x92624da803a3e90f673c73195db8830f08219fc0,WETH-GDT 3000 60,7293608.277208073
0x22a0738bde54050ffc04408063fd5fbdc1205bdf,UDT-WETH 3000 60,7053904.578579505
0x00f59b15dc1fe2e16cde0678d2164fd5ff10e424,STC-WETH 10000 200,7009823.82342754
0xd94fdb60194fefa7ef8b416f8ba99278ab3e00dc,DINU-WETH 10000 200,6794252.451686886
0xc5af84701f98fa483ece78af83f11b6c38aca71d,WETH-USDT 10000 200,6780715.880054969
0x34b8487fc2912c486b04d1436b07f19f7730cd43,WETH-POLK 3000 60,6444068.910403479
0x919fa96e88d67499339577fa202345436bcdaf79,WETH-CRV 3000 60,6235083.363720164
0x14de8287adc90f0f95bf567c0707670de52e3813,RAI-WETH 3000 60,6204652.769424077
0x8581788cef3b7ee7313fea15fe279dc2f6c43899,FLX-WETH 3000 60,6141919.504877895
0xf5381d47148ee3606448df3764f39da0e7b25985,POLS-WETH 3000 60,6035182.1837397935
0x5d65ecbe922c0f93905121ec6806c185f1ebe268,USDC-TRIBE 500 10,6022892.061707926
0xaf585783337434fee47c9abfbd737156f9a84dd1,SHIBA2-WETH 10000 200,5991038.363333931
0x3b4f91c5f96d39235b1baf54dc0cfde5b6d36982,renDOGE-USDC 10000 200,5990566.684597604
0x9a9cf34c3892acdb61fb7ff17941d8d81d279c75,WETH-VISR 3000 60,5804324.611989446
0xda827fe99adb2643d80fd30f750b8b96321d7726,FUN-WETH 3000 60,5793765.695400936
0x3289c15810e20ace49ad16b56a0db8d78bd10117,WETH-CONV 3000 60,5714318.988124743
0x2b255d3785da10e1753dd4bff781c04ca3c87686,DAI-TRIBE 500 10,5567804.404165281
0x8f0cb37cdff37e004e0088f563e5fe39e05ccc5b,UNI-WBTC 3000 60,5432787.219798695
0x9e0905249ceefffb9605e034b534544684a58be6,HEX-WETH 3000 60,5401239.467076559
0x391e8501b626c623d39474afca6f9e46c2686649,WBTC-DAI 3000 60,5237780.213856976
0x3730ecd0aa7eb9b35a4e89b032bef80a1a41aa7f,WBTC-renBTC 500 10,5207428.536648991
0x80c7770b4399ae22149db17e97f9fc8a10ca5100,LYXe-WETH 3000 60,4813434.375483179
0x22a80b1365b651eb61ed90f5d732be7735efc43f,RAZOR-WETH 3000 60,4800191.788205029
0xe16be1798f860bc1eb0feb64cd67ca00ae9b6e58,WETH-ENJ 3000 60,4771583.336656906
0x9359c87b38dd25192c5f2b07b351ac91c90e6ca7,DPI-WETH 3000 60,4598441.688107906
0x495864cad6cf60e97efcd3f14ff8b1f167956ba2,API3-WETH 3000 60,4495127.28342133
0xc3f6b81fb9e6db259272026601689e383f94c0b0,OVR-WETH 10000 200,4185399.7802908127
0xb1608e16609a7ff3ac5b0da49a0539bb0c3c3d9d,EWTB-WETH 3000 60,3840637.507829602
0xe086085b2cceec534d65fed8e59854c2dd66f741,WETH-WOOFY 3000 60,3782782.2939963946
0x122e55503a0b2e5cd528effa44d0b2fea300f24b,WOO-WETH 3000 60,3690011.6263368204
0xfaace66bd25abff62718abd6db97560e414ec074,WETH-RARI 3000 60,3485848.802929413
0x058d79a4c6eb5b11d0248993ffa1faa168ddd3c0,wNXM-WETH 10000 200,3460720.3391769337
0x84ae4aa9581e6b7f50f660c5b6970aef1ed82be8,PPAY-WETH 3000 60,3333752.1234193305
0x95b70b320819b1566c9a00626f57fde85b402ea4,EWTB-WETH 10000 200,3311289.5232430073
0x126b3e5bfe28244626d4b294a84c50d8a2297859,STMX-WETH 3000 60,3141898.7283176677
0x98e45940d0c76898f5659b8fc78895f35a39eb43,WBTC-AAVE 3000 60,3117531.900168518
0x8661ae7918c0115af9e3691662f605e9c550ddc9,MANA-WETH 3000 60,3075997.630605358
0x3470447f3cecffac709d3e783a307790b0208d60,UNI-USDT 3000 60,3057632.111827754
0xcbbc981bd5b358d09a9346726115d3ac8822d00b,VXV-WETH 10000 200,2970271.1584635247
0x87b1d1b59725209879cc5c5adeb99d8bc9eccf12,CRO-WETH 10000 200,2895190.948566839
0xa80964c5bbd1a0e95777094420555fead1a26c1e,DAI-WETH 10000 200,2862092.6831063796
0xd0fc8ba7e267f2bc56044a7715a489d851dc6d78,UNI-USDC 3000 60,2857844.5229233718
0x861d75271e2cde18d927c5170fbf22bf472a7d1a,KIRO-WETH 3000 60,2846365.8056711354
0x2028d7ef0223c45cadbf05e13f1823c1228012bf,FEI-WETH 3000 60,2810328.0520504625
0x655e25fed94ddb846601705ace4349815e2a95d1,KYL-WETH 3000 60,2704279.2556415237
0x13dc0a39dc00f394e030b97b0b569dedbe634c0d,ANKR-WETH 3000 60,2693490.79993951
0xfe4ec8f377be9e1e95a49d4e0d20f52d07b1ff0d,GLM-WETH 3000 60,2541990.9317992674
0xdca18ced4f3b926d81046ba4217f289e4893ef13,PEAK-USDC 3000 60,2508055.9103488945
0x5d475ce37b1d98127344132fadd80f5c5e1e1931,SKRT-WETH 3000 60,2494111.132261527
0xa16495105b1da7738d9aac1494459bd7982c05e4,GERO-WETH 10000 200,2429326.739233749
0x99c7550be72f05ec31c446cd536f8a29c89fdb77,MATIC-WETH 10000 200,2422689.1921779243
0xa6f253d4894e0cbb68679816cfee647eec999964,ETH2x-FLI-WETH 10000 200,2419284.0262239147
0x27dd7b7d610c9be6620a893b51d0f7856c6f3bfd,TLOS-WETH 3000 60,2407204.769482477
0x60253945231436e57331287294e9c1ba0495ea0b,XIN-WETH 3000 60,2401594.966741229
0xf2c3bd0328bdb6106d34a3bd0df0ef744551cc82,HEGIC-WETH 10000 200,2372287.932769456
0x0e2c4be9f3408e5b1ff631576d946eb8c224b5ed,WETH-GRT 3000 60,2326515.7061479283
0xe8e98c99609e5fe9c65b0f187f05df2fa9965d7c,PEAK-WETH 3000 60,2268689.2998966365
0x19e286157200418d6a1f7d1df834b82e65c920aa,SUSHI-WETH 10000 200,2217355.1919838
0x695b30d636e4f232d443af6a93df95afd2ff485c,WETH-BEPRO 3000 60,2178869.5735472827
0xbff03d0e976d59db412ba44f57bdc6c299154611,1ONE-USDT 3000 60,2159021.513827241
0x360b9726186c0f62cc719450685ce70280774dc8,UNI-WETH 10000 200,2152119.126381946
0x283e2e83b7f3e297c4b7c02114ab0196b001a109,OCEAN-WETH 3000 60,2118734.101495628
0x8c54aa2a32a779e6f6fbea568ad85a19e0109c26,FEI-USDC 500 10,2100904.7905080304
0x58c2ae94565cc87000a62783c7915179951eb28e,FEI-USDT 10000 200,2084547.6045885473
0x95311bbcf02608c64ec3889515af9fe43aea9e3a,WXT-WETH 10000 200,2032677.7819595095
0xba3f54d4ed114a359b3ab81ed11834a2b54addc1,WETH-$DG 3000 60,2030154.6450458611
0x32dda59c0d3a5fb14a527b815d1596c2ee9a4ca4,WETH-BBANK 10000 200,1997736.417798147
0xb7c90598ccdaebcd14f43fa6635c422c3c5cecca,FEI-USDT 3000 60,1989217.521894971
0xf4bbeeaa60ee7aa94b1fb340ff77e6a77abb5fd8,VSP-USDC 3000 60,1974277.5970634595
0x784479024251d7f3a6437346b5962c28c8e45061,WETH-FRM 3000 60,1948807.695867769
0xf15054bc50c39ad15fdc67f2aedd7c2c945ca5f6,USDC-COMP 3000 60,1943469.94004197
0xf9d00163f49fb4429714b50242524b43aa404c7b,DRC-WETH 3000 60,1919723.4093367036
0x32ecd439b57fb881ea1f5df2f8581b6fdac0acac,CARD-WETH 3000 60,1919569.8996185462
0xbbdf8c6f272a65fe0294ef775b463b43327190d9,ALPHR-WETH 3000 60,1907833.6838786697
0x3a0f221ea8b150f3d3d27de8928851ab5264bb65,LINK-WETH 10000 200,1892787.6544189164
0xc66af8bb2be8722c6151f2215a94f19580b15090,EVAI-WETH 3000 60,1883594.8302710596
0xb6873431c2c0e6502143148cae4fab419a325826,renDOGE-WETH 10000 200,1843419.883785218
0x4c54ff7f1c424ff5487a32aad0b48b19cbaf087f,NEXO-WETH 3000 60,1830190.9294208004
0xa9231b30443a2eb39a4a2d5ef096bf157f4dff61,MPL-USDC 3000 60,1804283.3907763332
0xed1da966136abaa240582166827021aedf55a6b5,WETH-ISP 3000 60,1752106.4234208236
0x6b1c477b4c67958915b194ae8b007bf078dadb81,‚öóÔ∏è-WETH 3000 60,1740835.5310066328
0xf90321d0ecad58ab2b0c8c79db8aaeeefa023578,SPC-USDC 3000 60,1724661.8932736006
0x7cf12cef5ce9e5e068ebdef470ff8295e26c47b9,GUSD-DAI 500 10,1704274.9618797123
0xf7849d0852fc588210b9c0d8b26f43c0c9bc1470,HOT-WETH 10000 200,1677502.1251032478
0xbc9b75563e8df1dc761589444103342ec582cc29,FORTH-WETH 3000 60,1646847.380466315
0xd251dff33e31bb98d5587e5b1004ff01a5a41289,LUSD-LQTY 3000 60,1645213.8843658883
0xed45c401f948a543cb0ca6c5ad45f588cb388ec1,HBT-WETH 3000 60,1630310.3516919476
0x71eaa3f86a541177f64a15c5f5479aedcc426860,FORTH-USDT 3000 60,1628813.6114020182
0xa424cea71c4aea3d11877240b2f221c027c0e0be,ALEPH-WETH 3000 60,1601905.141346783
0x0ce3e9e879b4623a902ee08a9921a4b9d8b27d71,FUN-USDC 3000 60,1575590.07034108
0xc75a99fa00803896349891f8471da3614bd07564,SOCKS-WETH 10000 200,1556030.5182525597
0xe0e1b825474ae06e7e932e214a735640c9bc3e71,WETH-VAL 3000 60,1541594.6227998803
0xfc9da2ffb74cefffcec376571af6876868e865d6,WETH-BONDLY 10000 200,1529825.4873622449
0x504ab5b9f8c025505a3cc3c06d1cd7b22d32f093,UDOGE-WETH 3000 60,1516850.3025117826
0x86d257cdb7bc9c0df10e84c8709697f92770b335,WETH-AMPL 3000 60,1505257.0120244382
0x9f178e86e42ddf2379cb3d2acf9ed67a1ed2550a,UNI-LINK 3000 60,1502400.1009749684
0xeb30e8ffcbd02fd4a14a52e28cd300698d00e2f7,DUCK-WETH 10000 200,1497471.365232086
0xa34f0d0314db32f41e1194816d56d55d1f7ca7b5,PRQ-WETH 10000 200,1497052.5243296688
0x479745658a6aec2de6318273944d9549457ba813,PHA-USDT 3000 60,1493646.1398227038
0x4d1ad4a9e61bc0e5529d64f38199ccfca56f5a42,AAVE-USDT 3000 60,1477968.6710545912
0xf425ee359339695e234b973fb844085fa1b50014,TPT-WETH 10000 200,1443890.464610919
0x775d0c18b291b889ab3d7f16338183bbfaf63f7a,YFI-WBTC 3000 60,1442893.1628898222
0xae614a7a56cb79c04df2aeba6f5dab80a39ca78e,BAT-WETH 3000 60,1440577.614179438
0xba9458e13df13517612a0f0b91a9bab0d22ade90,SUPERBID-WETH 10000 200,1435495.52518589
0x7c8dbf6e88f52cb56dd30190558cb982f62fc660,RAD-USDC 3000 60,1411980.6948951466
0xfaa318479b7755b2dbfdd34dc306cb28b420ad12,UNI-WETH 500 10,1405952.7887993827
0xc1df8037881df17dc88998824b9aea81c71bbb1b,FORTH-WETH 10000 200,1386217.8418769925
0x084b5191bd08412952337b1108b6e5942418928f,SNT-WETH 3000 60,1368346.8358369162
0x8ecc2244e67d0bb6a1850b1db825e25354cf881a,AUDIO-WETH 3000 60,1324604.4607143945
0x56ea002b411fd5887e55329852d5777ecb170713,RLC-WETH 10000 200,1324176.937867707
0x083178e6adcadbda37c02c47b1101aa19878d404,FUN-USDT 3000 60,1318679.7361308436
0x8b6ed5fa776f10787f1171bdeea4f3c40974df6e,DENT-WETH 10000 200,1315441.8910083696
0xd92de63661d2e298350307a63fea2c3f1731ff9a,WBTC-COMP 10000 200,1306494.378769787
0x70e61de63eb3229f2ad8668a8cbd87b7a87b5f8b,ADX-WETH 3000 60,1306208.1281243798
0xe331de28cd81b768c19a366b0e4e4675c45ec2da,XYO-WETH 3000 60,1297413.0788852598
0x603c0e9a12baf6e96124bde1e3f440343c6eaaf1,OIN-WETH 10000 200,1276649.6481086197
0x85205ea75a442f6897abef6b7e9d0c8e9366b57f,RVP-WETH 3000 60,1273089.4660438972
0x5654b1dd37af02f327d98c04b72acdf01ba2835c,IGG-WETH 3000 60,1250189.5478537707
0x7d3e5afdb0e7416b401b17a64d63b63e07197272,WETH-AMD 3000 60,1237019.18261228
0x5aaa28ca43c6646fd1403e508f0fca1d92357dde,LCX-WETH 10000 200,1215541.309495414
0x14424eeecbff345b38187d0b8b749e56faa68539,WETH-ZRX 3000 60,1214701.1913165725
0x1ce30058f53b7a6cc8655c6a8e8069f69ae640b3,CORA-USDC 3000 60,1213226.1318054225
0x718961d3dd5abbef046ecb4407e38b7b4aaf9a3c,IDLE-WETH 10000 200,1188913.6411839116
0xa2f6eb84cf53a326152de0255f87828c647d9b95,Auction-WETH 3000 60,1178942.3946180828
0x8ec83cb2ab2727ac16ab89d825535f7613c11e4e,USDC-CEL 3000 60,1178801.6671945732
0xb0cc75ed5aabb0acce7cbf0302531bb260d259c4,SHIB-USDT 3000 60,1147953.6982804025
0x23bb251705615b4efe9442be5f2aeb0e20b39858,INV-WETH 10000 200,1138242.6785140852
0xefc19ba107bf1ce57a7ab5dea228fffb899abeb0,WETH-DIP 3000 60,1130636.1117770346
0x99530180bd113a816f5920d0748528cfb2009585,SCOIN-USDT 3000 60,1129704.098898744
0xb8c05b7ca698f7cfd9b8a08f177e0ac5f2696bf9,erowan-USDT 3000 60,1121341.7848965882
0xf0586fef0291c262fdd1a14cd30ea8075804dd66,DHC-WETH 3000 60,1110029.8087448827
0x3cb75142bdae2bef3eb119affb288aeb0599dc4f,WETH-renBTC 3000 60,1100230.824579912
0x3a5dbafbac514a0b40dcdf3bc3ff7763da9d2d37,VSP-WETH 3000 60,1096941.6368025
0x6e84d5caa189c7c4e3d41801e54dedfdd74e23cf,KYL-WETH 10000 200,1091005.7829882554
0xcdb0bacd8dc32c45dce0f97536646cd40835fd93,WETH-ATRI 3000 60,1078354.096943803
0x1c4f761649c3d4dd31a83ea0548f79585c3999ba,WETH-ID 3000 60,1076679.1175750347
0xc542bc2b0740ceb61b63fc901fc853f42802a6af,CARDS-WETH 3000 60,1071605.4121848247
0x28e810d4b33ae24fe6f721a21e42230bcb019da1,WETH-DFND 3000 60,1049974.0655273062
0x4c1d1c02fbb00757eb55f1827323cc9c8f1d43a5,AOC-WETH 3000 60,1044472.6152900893
0x2356b745747ed77191844c025eddc894fce5f5f6,UNI-V3-WETH 10000 200,1030095.1457832217
0xbb6642dda99c7fb1ecf310baa3477fa7ba3e7c82,sETH-WETH 500 10,1007156.7621066933
0x3d71021345aed9ffab1efd805e58aec9c857d525,SHIBA2-USDT 10000 200,1000620.7542760982
0x4012737a154f1c44df37379a765b87a1ea397edc,VIDYA-WETH 3000 60,998516.4090930602
0x8020eab645e44ae808ebaf93b3035f52bc633f9b,sETH-WETH 10000 200,943751.1743916136
0x1a80afe14143637c0b7609e6e276464e4f748014,BANK-WETH 10000 200,911332.0861703642
0x6a219c7cbd18d539ae3aaea28d6dc05821aa2db4,HBT-WETH 10000 200,898005.5316107849
0x35815d67f717e7bce9cc8519bdc80323ecf7d260,BNT-WETH 3000 60,889890.7854417481
0x2d7ba71dc3e391988bb7f356d07dacac92b03e5d,BPRO-WETH 10000 200,888484.9673412848
0x83cfaa49b75e394935ffb9bbd18c045e797d6a35,NOIA-WETH 3000 60,873396.8760597678
0xf0be3301296bd4a90a3b8cef9124cf40ca56e5b0,ICHIBPT-USDC 500 10,859889.8121621283
0x2b43fe4f41d871fbc75af6e0ce85bce38ff1edc7,Coval-WETH 10000 200,859013.952422965
0xec749ed17ebc1487e43bc5bbcb2f20a766d3a7f6,HY-WETH 3000 60,849447.8392290103
0xd8c81e66a71fcfe8258b0cf84267275cdc91cac3,TRB-USDT 3000 60,849119.8041880396
0xb0a1b367267f711f049d05c3eeecfc3e42d9f8a0,WETH-GMEE 3000 60,833776.8964811899
0x92f0b57e3814e4bd74ef6a6fd6d825db522ccfe2,SOUL-WETH 3000 60,814373.47390512
0x2ab927dafa04e163530ff1aa91444279f89e24cd,YFI-WOOFY 3000 60,813956.6718554214
0xde2af72e916dc56f9a65f3c9766262c00c030c98,CEL-WETH 10000 200,804756.8763792618
0xe4b82df044511a7162bea1f11119f6d1283a43a8,SHOPX-WETH 3000 60,797406.3132592835
0x575700a2191097f626b651de014487cd873c99ea,EVAI-USDT 3000 60,787480.2644641679
0x5494d3a61369460147d754f3562b769218e90e96,LPT-WETH 3000 60,781081.68450297
0x4f25f309fbe94771e4f636d5d433a8f8cd5c332b,BZRX-WETH 3000 60,776700.6897780779
0xa2fd4b2742be1f4501fc2bab457267654942180c,AUDIO-TRIBE 10000 200,760526.8410218004
0x87d1b1a3675ff4ff6101926c1cce971cd2d513ef,BTC2x-FLI-WBTC 10000 200,754218.4534528895
0xe40a2eab69d4de66bccb0ac8e2517a230c6312e8,GTON-USDC 3000 60,737942.8109911259
0xdd0cf265951256a0eb3a927f657959dea4827b6d,ZAP-WETH 3000 60,733690.3093429287
0xe4bb8d8b001502ed418ebd7a5b952ade6f305b18,CARDS-WETH 10000 200,729274.5406082742
0xb1914469141ebb6e244e75cee3f35d43bf6b85e5,TRAC-WETH 3000 60,723186.9910132715
0x03a86da24f980cfeace0898883db181c74be9c13,SPC-WETH 3000 60,720711.2772626912
0x5d4f3c6fa16908609bac31ff148bd002aa6b8c83,LINK-WETH 500 10,716324.0395252885
0x955da6a5a887439ac9f19d76010bd7534c312289,USDC-ROOK 10000 200,714884.9394181371
0x5b781915b6b610a1aba8135ad5df084ffe528da4,WETH-SUPER 10000 200,702373.5355359674
0xb2cd930798efa9b6cb042f073a2ccea5012e7abf,WETH-DOGE 500 10,699386.4719891533
0x43a4fbb71025fa2c3073a58fee6de69da33b3aa8,XRT-WETH 3000 60,698561.9319936101
0xfb9256c0f94d0b7495327426c0dd954bdf72d220,MRPH-WETH 3000 60,693399.3070898572
0xd0039f24788dec1386e7b2b78de3374adb721343,AUDIO-TRIBE 3000 60,682195.0598974605
0xbf394c31598146d9ea3ee9bdb565f42a019f3ab7,PUSSY-WETH 10000 200,669240.0253815261
0x15321a9643e5f2b20c124f7fc809dfb299830459,BPRO-WETH 3000 60,648322.3256439342
0x22298c24aa47ce21fc315d5cfde19811088f2000,CHSB-WETH 3000 60,644817.7361976664
0x5116f278d095ec2ad3a14090fedb3e499b8b5af6,WETH-MUSH 10000 200,636231.639646191
0xa75ede894aa5e767674dd8043109b90ad4637b6f,OCEAN-WETH 10000 200,635182.1352475376
0x384469431c307370c34265213daaa75139522182,AGI-WETH 3000 60,634899.9139908492
0xa32a68920b9fba43cbecd834ff5b5c347f9d7536,MILF-WETH 10000 200,614327.9042884293
0x1803b7d43a17fe47b2ea70707e9ec8f4d4e5d7b7,WETH-GOVI 10000 200,596940.6504403205
0xda4fa998305e832cb9b9f17da54dbb06e0a9cf02,WETH-cmINU 3000 60,596327.4627387444
0xc7d6c8cc0feba14277b9367cd4b25ac587d0003e,PEAK-WETH 10000 200,589238.8751304338
0x952a4d899d5a61ba4de81f8e2bae1a2562ec0b33,KUMA-WETH 3000 60,586915.7122963287
0x5447b274859457f11d7cc7131b378363bbee4e3a,NDX-WETH 3000 60,576868.1656204475
0x8d8278c40e30cc567c498273387aa377d15aa832,TTT-WETH 10000 200,565884.7889444847
0x4e57f830b0b4a82321071ead6ffd1df1575a16e2,WETH-AMP 10000 200,565537.1375547943
0x80dbf454431ba9b64f0a8753f72a86afea6ee2f3,QSP-WETH 3000 60,562362.1708203446
0x8fe8d9bb8eeba3ed688069c3d6b556c9ca258248,$MULAN-USDT 3000 60,559975.2639729934
0xf1dc1e314033ce484f13f8e574c8b1abbcbef4a1,WETH-FCL 3000 60,553607.632657063
0xed77bb9d173271889b5600ddfef5239a4fd8b4d8,WBTC-FUN 3000 60,542060.2456158045
0xb0f2fca52066920620a90e2e5198f3edf7c28686,WETH-BONDLY 3000 60,541385.0474813322
0xb10adb35ea2f2490eb338bdc11dc723ad40f128f,WETH-KICK 10000 200,531926.6135826666
0xb8ab1f72f62d59f17ab92910528bbd031d827ba5,WETH-B20 10000 200,531401.9363488008
0x64a0d84d1c1b92fdc1149ffe3cee5e2fe0febd8e,WETH-EXNT 10000 200,522118.6084584325
0xd386b3793217d7ecc73b70de0551e9a181069a12,USDC-MET 3000 60,520316.7186388852
0xff2bdf3044c601679dede16f5d4a460b35cebfee,POOL-WETH 3000 60,510893.91703265905
0x45f199b8af62ab2847f56d0d2866ea20da0c9bbc,BANK-WETH 3000 60,506190.0977115448
0xf3037437a8f5e5025a08af0a54424d029684b2f5,HORD-WETH 3000 60,499290.1502830763
0xe07c687cecb3caf246ded3240d186181d5eae705,UNI-SHIB 10000 200,483879.7292061859
0x1d5632c41afaae0554b1a8a8e614ecf2a4d46d14,DOKE-USDT 500 10,480527.6391195413
0xe8b977aa5a9303fa94818441d78575e0f697ae72,WETH-UOS 10000 200,479504.6307778697
0x3cec6746ebd7658f58e5d786e0999118fea2905c,NFTX-WETH 3000 60,479125.3285665724
0xead17530d2d12986180a939fa70ba28f4d0d015e,WETH-WWGR 10000 200,468755.3579057193
0x7f6ab5f1798761c610388fcb7e1178dcd7b4e8ad,WETH-EMB 10000 200,456903.2225746423
0x753a90ae2fa03d31487141bf54bd853b27f7bcf5,TORN-WETH 3000 60,454971.2412547917
0x32a2c4c25babedc810fa466ab0f0c742df3a3555,CFi-WETH 3000 60,449185.63631886547
0x5d8accd4ad21dca0c5add32139425f21621a13fc,SPI-WETH 10000 200,443920.2866873521
0x0ac0c1c8e854bba874da31f566251f757982e97b,SOTA-WETH 3000 60,441173.3795034994
0x1f81a9ee204e699ed34f7be997ece58605108b16,CLT-WETH 10000 200,439337.9496194782
0x6166b56a71b02b2136fe9b7f4ccef16cded73ff4,eRSDL-WETH 10000 200,434868.6169176408
0x4628a0a564debfc8798eb55db5c91f2200486c24,RNDR-WETH 3000 60,433641.5842056386
0x90904cb75a9bd6cb1d4fbeed96bc1615f854aa52,ERN-WETH 10000 200,430533.4096680638
0xaafac42f553bbf80862fce24dac292eec5173f72,WETH-XCUR 3000 60,430221.86541202274
0xfbba47b4c4ded47aa154a1b6dc06ec207166fc13,WETH-MFT 3000 60,428895.20031563914
0xa79e94cb24b2f2fc75b1d30a315cf2d266628a7c,UOS-USDT 3000 60,413155.225912283
0x2552018fa2768fd0af10d32a4c38586a9bade6ce,BIRD-USDC 10000 200,408617.7471479425
0x2a84e2bd2e961b1557d6e516ca647268b432cba4,DAI-MKR 3000 60,406447.24208064727
0x575cc7f6ff8b8c0b2becc94a4f0282b7247a9e4e,DAI-DEPAY 3000 60,403748.4257855499
0xc8bbbbe0586764c05969878a5e6e6b3556a9b05f,WETH-OMG 10000 200,399403.0765708329
0x7de8ecba49a038f763d30b05268f2262ae61cc3d,RELI-WETH 10000 200,398902.56104707636
0x2418c488bc4b0c3cf1edfc7f6b572847f12ed24f,LYXe-WETH 10000 200,396880.0044692806
0x64ac443960c7cc924acc42eb245035cc34f33154,LIEN-WETH 3000 60,396318.5155111277
0x21ca348fef9f09fdb79b155a75efa7f02f82733a,MIR-WBTC 3000 60,394711.9925190041
0xa44002e8062c90a8f8b3cfce6ec70990bba28ae5,WETH-ROOK 3000 60,393747.91110424604
0xd8e1a96b9be06c3f62789a308c963ca015bd84f3,WETH-ECO 3000 60,390794.6993107166
0x93be491d835be1eadda96fed57177220d7b6cf54,STBU-USDT 3000 60,373521.2051800644
0x1c98562a2fab5af19d8fb3291a36ac3c618835d9,Metis-WETH 3000 60,371845.86980220885
0x2519042aa735edb4688a8376d69d4bb69431206c,LPT-WETH 10000 200,370131.3708069651
0x7f6de6c726d09915912d85a4b3ffe4838798b349,WETH-APYS 3000 60,369540.65470787406
0xe613efc483e263e7140062e64b96c19a124ff783,DDX-WETH 10000 200,369115.340625213
0xef43c28f19b9e58444ad72d709c06a4a630f7531,SPANK-WETH 3000 60,365845.73966063105
0x68f8d8fbc1283f9667d6373c55f96f8c0aea1c33,HUNT-WETH 10000 200,365642.2898485535
0xaff587846a44aa086a6555ff69055d3380fd379a,0xBTC-WETH 10000 200,363386.5120288903
0x6a9850e46518231b23e50467c975fa94026be5d5,sUSD-USDC 500 10,356078.80774091434
0xdc2c21f1b54ddaf39e944689a8f90cb844135cc9,BAL-WETH 3000 60,353641.38258350705
0xb773a5a7ee006d2675537588e3233ad37be53bb9,WETH-C3 10000 200,352036.9897864408
0x1afef33988d6c332415e83a5a2740ffebbaa4b75,WETH-RLY 10000 200,347391.6661574109
0x1465988655dd229d3404b74a966a1b18dc0a12b6,ETHBN-WETH 3000 60,346355.74811599293
0x6ab3bba2f41e7eaa262fa5a1a9b3932fa161526f,WBTC-WETH 10000 200,342493.25692763994
0x70bb8e6844dfb681810fd557dd741bcaf027bf94,OGN-WETH 3000 60,334029.68882258906
0xbaec0e18c770993ffb1175fef493b5113cc6e32d,ILV-WETH 10000 200,331974.93434937636
0x501fb4aace823a3deae46bdaa0c649cf5c51f244,WETH-CRWNY 10000 200,330731.9656963871
0xe729879d2a8618b8a63ba1035d881f28ad9e9e7a,GMT-USDT 3000 60,329707.9816169952
0x76838fd2f22bdc1d3e96069971e65653173edb2a,WETH-KNC 3000 60,325551.163929828
0x9df48332aa27f22e2e709e07b4db8f0252f71bea,UNI-V3-WETH 10000 200,325101.8101702396
0x943c66d78875ddeb3aede2ac081625d0a947bbad,GMT-WETH 3000 60,324181.17043079436
0xb13b2113dc40e8c2064f6d49577250d9f6131c28,WETH-ZCX 10000 200,319332.8598035487
0x157dfa656fdf0d18e1ba94075a53600d81cb3a97,UMA-WETH 3000 60,315490.76961805666
0xde05e21fa6e9f04ddd5fd1876a523369949f07af,ShibaPuP-WETH 500 10,312672.69610281574
0x818dbfb7e215ae074db4167902da9d89aed6ad3f,TXL-WETH 3000 60,312013.47146435076
0x9e588733b77abd51879f391fce7beb6a1de7bdbd,WETH-RAINI 10000 200,311100.00742107985
0x399edf09888344743ea45a540e3c0543e437d153,USDC-STACK 3000 60,295331.9962687588
0x82d7b381b6144670fc6777edddd0e5737f6f0633,RAD-WETH 10000 200,292619.1196457496
0x1e5143bb68abfadc401360a55e8aca2fd292b673,WBTC-COMP 3000 60,287102.1387999951
0xbcc2adccd4de0b2656179f729c98c39dcd68c84d,LUSD-DAI 3000 60,286468.7102165029
0x5cccad2332292cd5882365bb3584424241ab2210,MKR-USDT 3000 60,286264.05739719834
0x19a573b228468f3bf917389f4e2d4f2997610f71,WETH-PRE 10000 200,285639.09615493857
0x325365ed8275f6a74cac98917b7f6face8da533b,CHZ-WETH 10000 200,284909.07859924214
0x0425bf56a98294c1a5080a5a1f25cbeea9464ba2,rETH-WETH 3000 60,283697.9303379173
0xb702ead3b0c34fddfa9b4229c981d56a868a5164,PINS-WETH 10000 200,279750.01096656226
0x905e3a9fea6c88dd8f05c6cb3df8f48919219229,SNTVT-WETH 10000 200,277580.06175836944
0x4362a591eb53e4a1430fd6ed14e276d5b9df0577,PNODE-WETH 10000 200,275102.455257214
0x387c2455e9a75a0f9929fade4eb4d24d620187c8,WETH-MFT 10000 200,269163.4182644412
0xff90fb880da9738b2044b243daf8172bfe413b5c,SNTVT-WETH 3000 60,265122.37332564703
0x8119c00d8a02c61f813675d23d5acb98851cf274,ELAND-WETH 10000 200,264779.2914401074
0xc8d73d01a52ed6e212475c404ef900f1c831913e,XTK-WETH 3000 60,263606.48554082785
0x24017386cc0af0555a6e5b0fe0443e145648612b,DOV-WETH 3000 60,259069.05111250584
0xe1fc415f87465b024ee62f55ef33d8f822705b5b,USDC-GMEE 3000 60,251114.30656184445
0x94651cbdd2c1fa4f7c1139e7e89fc975a9fcad5e,INV-WETH 3000 60,251053.32496830297
0x2e3d86bd99f68328139378b285ce2e745b81bb75,JulD-USDT 10000 200,249001.28904636926
0xa173bcfeb3f29800ec0bbd706053a5d679512cd6,NAOS-WETH 10000 200,246171.65371648766
0xf152f10e4781c0d3844310193a2050384a5581f2,LCX-USDC 3000 60,245371.85286821
0xd9ed2b5f292a0e319a04e6c1aca15df97705821c,MANA-WETH 10000 200,244123.9321574897
0x98d7363bafb38209adf42813b0d4e0b9fb9936c6,FYZ-WETH 3000 60,241918.19536757655
0xf25cb7f26b3bf82b559c6c998a7afd9cfbb831e9,AAB-USDT 3000 60,238959.46778884588
0x5252febfc81f5c987ff23e446ee4275056732946,PLE-WETH 10000 200,238658.46056812012
0xa8db34b9cb685474e4195c96736d293b3192b1e8,ICHI-USDC 3000 60,236486.86789968231
0x7c911d97315eafe8ee487985e4d2f21bcd6a2a0c,WETH-HLD 3000 60,234896.93450516442
0xefba6ba69c82776cdd279f74fbfee1cf4e927aae,Bone-WETH 3000 60,234692.22267483664
0x7c7acba9e3474985c17f99430a6807c5ca29bb4d,WETH-RARI 10000 200,234606.33179524963
0xc3881fbb90daf3066da30016d578ed024027317c,GLQ-WETH 10000 200,232991.37944681087
0xc772a65917d5da983b7fc3c9cfbfb53ef01aef7e,EPSTEIN-WETH 3000 60,232261.72946074768
0x38265fd46cae892f03c65d287738f37940c71812,USDT-NGM 3000 60,229046.97092130745
0xc129bed3196de3315b1be05c6d1a2455f610dcc0,WETH-V3LON 10000 200,226096.7531758423
0xe936f0073549ad8b1fa53583600d629ba9375161,RNDR-WETH 10000 200,223732.3317349767
0x839461916fe1bef1bb5909e0b55c35d28c415bc8,NINTENDOGE-WETH 3000 60,223226.14153391693
0x45d8ced29bf3af9f2d369ec6ab86a0ed67dfec90,TT-USDT 500 10,222677.26006077975
0x35548c4af3fcf16b7ccda9031f4df63b7c1bb1ac,renDOGE-WETH 3000 60,221008.06859831564
0x1c83f897788c1bb0880de4801422f691f34406b6,WETH-PDEX 3000 60,218180.81384035916
0x36bcf57291a291a6e0e0bff7b12b69b556bcd9ed,WETH-ICE 3000 60,206793.44172067902
0xbd233d685ede81e00faaefebd55150c76778a34e,WETH-DAM 10000 200,198670.63870586158
0xf8a95b2409c27678a6d18d950c5d913d5c38ab03,GALA-WETH 3000 60,197997.23901376248
0xbb2e5c2ff298fd96e166f90c8abacaf714df14f8,DAI-FEI 500 10,197117.2168010363
0xf81ba0c35e59cf01682b7f2a7a3d8ea6756eba46,KCAL-WETH 3000 60,194910.61545126617
0xde4d1af93dd7e333d071411a3d68cb1ae09bf4e3,WETH-TTX 3000 60,193963.06829694766
0xd5ad5ec825cac700d7deafe3102dc2b6da6d195d,BUSD-USDT 500 10,189608.53413650682
0x732ff409632c700dbbdb8843660e57856790a4d0,WETH-HBT 10000 200,189197.5191210331
0x0cf7494c9de661467403abee8454b3bbf0179a84,WBTC-XYO 3000 60,188972.09328180892
0x8f10a53176641b4b673be37d1065e0690a5a3fb4,TT-USDT 3000 60,187996.64316169146
0xd950cd33195a1ad36c416eecf6b3317eccba77e1,WETH-MLN 3000 60,186750.0116344696
0xba965e77582566967d0edebe2b590e4ed8306095,STAKE-WETH 10000 200,185313.0280028021
0x664b92ece366db41042942c5ca41e3398078dd63,WETH-ECO 10000 200,182767.12645755612
0xd966da62dec253128dbd16a4034de6e051e1d2d7,LPL-WETH 10000 200,177838.0268994975
0x2ab653894ce12ae9b4538aefc90b2d6e96458e1d,ADD-WETH 3000 60,176412.9527560969
0x92995d179a5528334356cb4dc5c6cbb1c068696c,USDC-UST 500 10,175220.46236005612
0x66bf3ff8972639df2643a8ac2041186761c098b6,SWC-USDC 3000 60,175154.3884449028
0xca52b52f1ff30b75f8b5aa8c64cf9d78d30560ca,WETH-UOS 3000 60,174181.14151003773
0xeec50bcb168b66099ab00f6fdaa807ecb484c2d2,VERI-WETH 10000 200,173157.63761332296
0x5c5a53f215771742c711652fc375ef31d592dcab,RLC-WETH 3000 60,172984.9305685291
0xe845469aae04f8823202b011a848cf199420b4c1,UNI-USDC 10000 200,172063.37122621934
0xc0b338fd9ad61a808a9fcea24eeddcc89f96068b,STACK-WETH 10000 200,169926.17688026238
0x9c3e0e151a495c4921a5412241d29520eb5786c0,UNI-SUSHI 10000 200,169761.8707544046
0x8776fc4408e7f115f5a77235844adc8ab4b7aa70,BLT-WETH 10000 200,167404.82153947113
0x57af956d3e2cca3b86f3d8c6772c03ddca3eaacb,PENDLE-WETH 3000 60,165248.5874453784
0x5b5c8eb7142e5f484099853fefeaa74e56d0dda9,S4F-WETH 10000 200,164154.0728037027
0x84ea2e00fd6c4d08e88c5f59265b79de530bea0b,PNK-WETH 3000 60,163964.81882032572
0xf4a7f5bd555ae46eab6b6c5f83332eee6c598970,BIRD-WETH 10000 200,162518.26203032822
0x272a46a8d4b572a267b7c90ea64874c6655b1de4,MUSKETS-WETH 10000 200,160936.69639855117
0x3ee301ed8f42d106def4f9d9730ea3367880b771,ASH-WETH 10000 200,157120.7744533918
0xf5e4a4480f5e73cfe697384525d6f4a07617ac71,MUSE-WETH 10000 200,156236.5328721322
0xe931b03260b2854e77e8da8378a1bc017b13cb97,1INCH-WETH 10000 200,156027.35210547023
0x36e0fbf33c9bae7350353bfd7ed759bbb0b43415,DAI-TRU 10000 200,155402.71784376344
0xff29d3e552155180809ea3a877408a4620058086,DUSK-USDT 3000 60,153875.4377916314
0xc3ea1c2e309ff99ed7b17a501bd8d5998918b097,NU-WETH 3000 60,152789.16244685955
0x429e06d1d2e640d649f1480fc82ddfb1fc047627,WETH-KINE 3000 60,151967.4991215543
0xdab59355190d110f9f71a5f97993511343264db3,KOCHI-WETH 3000 60,149414.76911287833
0xb4545adc429e628969736a460073317254a83fed,WETH-AMLT 3000 60,148685.75369059003
0x27878ae7f961a126755042ee8e5c074ea971511f,HUB-USDT 10000 200,148069.76513412182
0xd340b57aacdd10f96fc1cf10e15921936f41e29c,wstETH-WETH 500 10,146233.06298364588
0xe1d92f1de49caec73514f696fea2a7d5441498e5,LRC-WETH 3000 60,142633.26015238173
0x81663f727bf8461a9115b01748105cec0fe44446,ETHA-USDC 3000 60,141333.4897048975
0xe178380d5879e4c590f6cdd2996e2f601b2e0ecd,RAMP-WETH 3000 60,140788.0999314825
0xd0af1981f52146a6939385451daea0726e13a484,XYO-USDT 3000 60,139983.72378312922
0xeab149986139bb13b95f90df397d6e89af3ae589,WETH-RGT 10000 200,139059.2921200619
0xf5906bfd9406c45061dc67f774da440d169b84d0,WETH-SWAP 3000 60,136791.00011249032
0xc63b0708e2f7e69cb8a1df0e1389a98c35a76d52,FRAX-USDC 500 10,133878.44582641736
0xf83d5aaab14507a53f97d3c18bdb52c4a62efc40,SOCKS-WETH 3000 60,133518.1972607188
0xc92b7c2dbda7de301fb682a9da80813def952a2b,USDC-TRIBE 3000 60,127859.6440109371
0x608dadd4b1673a651a4cd35729fc657e76a1f9e6,JPYC-USDC 500 10,125168.27086717107
0xfa97d2c20571474ae1ef6783789ef7cf42d6cb22,SAR-WETH 3000 60,124996.40855706704
0x4693456599a8a4975862a0e720c5de7e1d09a1e4,LINK-XYO 3000 60,123284.2900596218
0x6582b944069f6c45e0ea05fb87b0bf71bfaacbfb,MUSKETS-WETH 3000 60,122716.92013479109
0x6fe9465012c38e3fb66df8894348967d5b48260d,HGET-WETH 10000 200,122122.9411040394
0x7cebafc6fd780c266c25329138b56bfe251c8f86,DAI-alUSD 500 10,120501.03377823989
0xe288137d9e4d51eeab30bc30afd0f2da85e90acd,UNN-WETH 10000 200,117580.49291410293
0xd99a73f743eb2821ec030acde00fb3377bfca064,FYZNFT-WETH 3000 60,116703.04713986613
0x924f230530e8fb5eb4db3e72c48a534e8d1fc06a,LEV-WETH 10000 200,113752.68132344355
0x94e4b2e24523cf9b3e631a6943c346df9687c723,SHIB-WETH 500 10,111562.68013565903
0xde9e8cc0b43ef606036125e13e0f1b83415bcca1,DAI-HY 10000 200,109632.67563594163
0xe8e7201e427c2509f03f5bf6cece711687623dff,mBONK-WETH 3000 60,109513.1147372122
0xa1c129e8e093f935969be783790ccae472f8ba1a,TONE-WETH 10000 200,106837.26518423868
0x489cebe6cd5dc5dcb7047a1f0d4f358a5d2fb295,IOTX-WETH 3000 60,105742.22994053482
0x886072a44bdd944495eff38ace8ce75c1eacdaf6,MKR-WETH 500 10,105662.48842135508
0x471aca8f8dea063695b2b15fbca3e402fa4e3385,DG-WETH 3000 60,105608.78898162601
0xfc6f0f91a8f61bea100b3c15affabd486fc1507c,WETH-PENKY 3000 60,105290.9319911403
0x11184bf5937beb9085b4f070e7b410be052e37a6,ZENIQ-WETH 3000 60,102285.91857053735
0x0254a309f5140d457c0699e2cd0457a692a69cc4,KOIN-WETH 10000 200,101918.95127907945
0x209b4654b88437f79165bb33d1d1f67bd1759784,RAI-USDC 3000 60,99671.98804304043
0xb703259778a7045a1614990bc451bda48ca9d6a8,BULT-WETH 3000 60,99599.0979641403
0x16774c080ac2d2f376fc1e449cf6d98917760664,SWC-WETH 3000 60,98937.64754530328
0x78c9db2cd074d581203810f379ef53a56da883ea,CELL-WETH 10000 200,98614.07221720791
0xa9fc406744afdd46ef96f6ddb343fc124ec25254,WETH-DONUT 10000 200,98201.83753264004
0xb3b48af42cfc7e35b5fbbccf63adf7d0345d96cb,WETH-ECN 3000 60,97495.79204686263
0xe6868579ca50ef3f0d02d003e6d3e45240efcb35,WETH-AMPL 500 10,96132.28993001133
0x80ba2de1ced9de57366514d9a797f3e10884ead5,MEGA-WETH 10000 200,93746.87256364452
0x0ed18a54afe970cdff76d2b17251c22025d41c5d,WZEC-USDC 3000 60,91592.10606251347
0x5eb5dc3d8c74413834f1ca65c3412f48cd1c67a6,wSIENNA-WETH 10000 200,91035.03498172224
0xe9566699f443459dfab77cbf100a63f0d5f75d43,KIN-WETH 10000 200,90723.55508508778
0x9da737f94c9722ddc132bacd1ccb8f6691b93033,GAMMA-WETH 10000 200,88632.70486763354
0x4768f4dfb46b26889ffaab881945bd7d340505c2,UNI-AAVE 500 10,86901.82556281243
0x683d6a62fc628d9b1ff7662dde2a17856a05e4a1,BANK-USDC 3000 60,84339.69147904696
0xd48e3d2bb8ab61b297a41d61fb13f8f487fc484e,WHL-WETH 3000 60,83931.94160008451
0xd390b185603a730b00c546a951ce961b44f5f899,DRC-WETH 10000 200,83495.23741248994
0x3fe55d440adb6e07fa8e69451f5511d983882487,üêü-WETH 10000 200,83297.52901653133
0x27d1e619811e239588566b54b2aea5040aeb8aaf,ISP-WETH 3000 60,83079.7048883677
0x27af1eae3a96cf94235ee69a99be77298d12dbba,LAND-WETH 3000 60,82541.55311122138
0x05a9716cd1c08361252ebd7c8c88c3b26c5ab73f,API3-WETH 10000 200,82326.16983421284
0x53614b950b201b061df191279055f54a9f79c341,WETH-TIPTOP 500 10,82248.799011182
0x4afdebe09d33fd914350c563bcbe1f6a396c68f2,TAP-WETH 10000 200,81690.70615734204
0x773ee2b83e6f5427bd20befa247143551f2f64f2,FYZ-SMITTY 10000 200,81411.47364928732
0x3a381e03c43938c24fc2ea9a86045c2ca1a94e92,ELON-carbon 500 10,80844.32892978097
0xd203036cb2fc9ed81e16d87e026269e68dc1e897,AAB-USDT 10000 200,80799.5596015403
0xe72d262158f402faf553179b2b4aff23dfad6d4c,SATA-WETH 10000 200,80529.63102459938
0x391d16f51dc64cd6c38ce041512741a47abfa0da,CWS-WETH 3000 60,80088.37377496387
0xe24442fbdf9dfb155f76821d1bb2c3794eddd873,NEXO-USDT 10000 200,79105.10132625398
0xf25b7a9ba9321f9bb587571ff266330327bf30d9,EVED-WETH 10000 200,78409.28063370557
0xb77c56f863fff3a9593a8716f2236c33df276950,‚öóÔ∏è-WETH 10000 200,76319.21335628
0xfc4602aa8b7f070f3d0e17f27b10dbcc737474e1,ELX-WETH 10000 200,76295.93372271843
0x5620f7b870cb69dd3e21def2ebc57fc78425cd94,WETH-VNTW 10000 200,75502.915628841
0xbedf43fe5df23e163e5a844c3f6fbbe4d77e5113,FREE-WETH 3000 60,75235.81145695128
0xda7dd9ad1b2af1e50c73a0cc5d23ec5397478763,MPH-WETH 10000 200,75135.88771626976
0x884981352cad4bb490818f302ee5fba489a401ad,BURNT-WETH 3000 60,71975.96496562277
0x5f78a75ee92885cb8b32bdde19b17600bebfb270,SEEDS-WETH 3000 60,71645.51594092153
0xff79e89bd6d2b043d949fbe9317a5a2d6d5c35fa,WETH-SAFE 10000 200,69854.42651516898
0x6d15d1e082fea85f98471e029b7e56f847a4524f,COMFI-WETH 3000 60,65383.28152467832
0xb055103b7633b61518cd806d95beeb2d4cd217e7,REPv2-WETH 10000 200,64939.53178593408
0xacdef3d53f2a487c0ab2ea68a1ce5e0bddf841ba,ETHA-WETH 3000 60,64371.497394608145
0x07aa6584385cca15c2c6e13a5599ffc2d177e33b,FLUX-WETH 10000 200,63231.16955587486
0x389baf82665869cc1b70a1d33628ea01fa22a050,MTHD-WETH 3000 60,62357.045473369
0xb0f1fad0e0d8988c8c0b1e857febceab167100ce,TAP-WETH 3000 60,61953.34350686071
0x09946d4e4ccde2a28ef269d26d9423034f5333e1,buidl-WETH 10000 200,60750.97053468348
0x85dc3d90d4d85d38c8a033796af5691a0719625e,OLY-WETH 10000 200,60468.212473458
0x4351825d4b6b92264c76ffa10b4981074fa01326,WETH-Pi 3000 60,58582.244246471375
0x21c4921201c19aa96cc01d50f9c7fbdd6032b829,ALH-WETH 10000 200,56506.372408115305
0xd9a50099d63ea00ccd770cfc41075e7670bea6a4,WETH-PIXL 10000 200,55787.97574734121
0xc090993fe84b9c0b1baa889b94b5e4bfbb9f13a0,LCX-WETH 3000 60,55640.25933449271
0x68add60da802f739b84505aafdb6145be4d41162,GDOG-WETH 10000 200,54785.67599158357
0xc11edba594a22926012b2b718a761bc5bc825ce5,WETH-MEOW 3000 60,54778.68833758193
0xe9baec2ac8791a9c25f5abfbf79b2ca914c116e2,VGX-WETH 3000 60,54290.812198956955
0x0adee264d34a2c2da8113c318bf823504fca4a31,WETH-IBWT 10000 200,54101.53895254819
0x9a143f844831e2277cb27665f8b94b4f50e14942,KAPPA-WETH 10000 200,53118.54139137728
0x5766a5231b40f0dc3e006d0f820fd2304c34699a,UMX-WETH 10000 200,52701.31965310584
0x260cc60a32d59636671ab1d0dd83da28c89cc690,WETH-ERO 500 10,51851.99899128104
0x82841dfd5c6c4a788db25caddfdcc4530b48336b,BLO-WETH 10000 200,50707.509398590664
0xb2f8b3bad4325c3c62f294da45fc144b1b180cc2,WETH-ATRI 10000 200,50525.91899751
0x3a73beb6fef4bb6fc58b8d1e74d25132e1853b55,QPAD-USDT 500 10,48041.989505221696
0xca6ce1d5eb9f04300ba155e4bb45d62d9d034d4f,WETH-VISR 500 10,47738.84264938413
0x03d9190f2896aca1671ae1944dd8523dbef1847e,RAD-WETH 500 10,47536.622690792676
0x46add4b3f80672989b9a1eaf62cad5206f5e2164,WETH-GRT 10000 200,47146.839794140345
0x477bfaef649b4cef1fba91caccb48080d6c9ca28,SWISE-USDC 500 10,46811.3425853901
0x0bc1a6edafa658e6501d2107d8f31d490752b94b,ARA-WETH 3000 60,46769.17383221012
0xea13cb440f817758394a6971b935ca50adfaaeb4,WETH-XED 10000 200,46709.56934828505
0x903d26296a9269f9cfc08d6e5f640436b6d2f8f5,ARMOR-DAI 10000 200,46678.65550482995
0x99c58992057347622bdeeb5aaada7837e2755f88,WETH-ERC20 3000 60,45901.38707568075
0x9a06cbd76d8bd043dba1530be4686fd298e4b464,MASK-WETH 3000 60,45454.70214593738
0x629cd0665cc0a181ebf9bc7db87332a84158edf4,MMTM-WETH 3000 60,45009.258181371515
0xa51cb304c7fd3d0bc4d20d6c703b99bc5a806fef,DAI-CORN 10000 200,44785.06590095998
0x269598874ad6cb71d8550622b4134832c8d94a48,DOGEV3-WETH 3000 60,44509.78499493383
0x4a3be45d6701922359176e148d2336d382e9515f,WETH-SHIBAPUP 3000 60,43996.798441490246
0x85498e26aa6b5c7c8ac32ee8e872d95fb98640c4,WETH-BANANA 10000 200,43119.75931073432
0xc2c67b8ae2acf7c8c0dd8bd570985d729fd6e1f5,WHALE-WETH 3000 60,42723.11902138723
0x5628950419c53d429e99c127807c43a4f8b5a57e,SHARD-WETH 10000 200,42714.56255502755
0xf9db11a26da162399bdba5ad2d4e0db3623d367e,BUILD-WETH 10000 200,42599.07312000215
0xe062510e8c5249b2584c2382bd03e22f70dcc2f9,PLUG-WETH 3000 60,42248.358014585654
0xdfe2b010ca3e95438f4442752655d6f99d2dadea,BSJ-WETH 10000 200,39743.12409293668
0x460699d4b13161e8688d54cb074a22e164f8e444,WETH-CRETH2 3000 60,39711.66037821539
0x57d7d040438730d4029794799deed8601e23ff80,UNI-DAI 500 10,39563.95633576448
0x02d436dc483f445f63aac45b37db0ee661949842,UniFi-WETH 10000 200,39423.02331217489
0x802e79ed746316e5ed7d2cfddafcd87ade96f7ab,BTSG-WETH 10000 200,39090.30392344276
0xbce0f1bf144769288be1b2276c812d01c97f34f5,WETH-ICP 3000 60,38961.44890798262
0x211d30e2929dbfa4f8395fd1854a1b6e720ca011,KEEP-WETH 3000 60,38751.99908544568
0x89bb6aca49f39805285e2246f7bed823e0fa2545,DOGEV3-WETH 3000 60,38553.20970753739
0x6031c7e147bb7d6191bd264aae4e338c797a7a19,COMFI-WETH 10000 200,38505.23472297933
0xbfa7b27ac817d57f938541e0e86dbec32a03ce53,WETH-WOA 10000 200,37878.43517973117
0xb1555d2c92987236941b269746b03525b6620822,BLACK-WETH 10000 200,37796.25106110782
0x4674abc5796e1334b5075326b39b748bee9eaa34,AAVE-WETH 500 10,37680.62961722949
0x73a6ab5d45ea3f1a9cee2def0d6eb8bccab584b0,DOGF-WETH 3000 60,37412.58966859635
0xa372c9e116c68f0c9fb2fc9b011a8513a4a5d211,TT-WETH 500 10,36406.264282082615
0x0df4019374c11a7795cfef78f88d4c1aa3300462,BOND-USDC 3000 60,36357.97162568641
0x7c3cae980d9cb9d1326c65bba7fc1ed0198f408d,DHT-USDT 3000 60,35766.35623099429
0x7507042f30a9b74a4bd76461e46f1e95b8dc6a67,WETH-DOP 3000 60,35454.179822058475
0x1064421c4b981104505d863b68a8abb4798e56ae,WETH-ANTI 3000 60,35046.766980481174
0x366c35115289df55e25532d0c624a5e6a6cacc5d,UNI-POLS 3000 60,35013.374345781514
0xeb95781f32adac717b162de2b5e3a7949e98f940,RBC-WETH 10000 200,34727.10381951404
0x7ddc2c3d12a9212112e5f99602ab16c338ec1116,AGI-WETH 10000 200,34530.90831238052
0x7ab294c2769a2d3c6d8d89a7802e25042613b24e,WETH-UBI 10000 200,33875.61571144583
0xbeadfd4c74afaaa7bb62cb4924de4e4d2d0382b1,MASQ-WETH 3000 60,33447.70190745549
0x3c1228f11ee2e716827eeaee844d50febf0fe775,SHIBE-WETH 3000 60,33099.22356098521
0xacd89784e7016738e74b35146dbedd8074f20733,JPYC-WETH 10000 200,32220.329397201123
0x0ede8afc34e7f092f27eef121acb4de4f2e010cb,WETH-ROOK 10000 200,32215.337729264797
0x4a7156f612b9d883a368a8032bbc48cdf9dc325d,goofy-WETH 10000 200,32204.971719909296
0x48783a921e9fe6e9f48de8966b98a427d2ccbef0,PROS-WETH 3000 60,31658.650795169073
0x2467bc23cd16023de91eded28f89593018a4bfe5,MRPH-WETH 10000 200,31400.350943522033
0x5f4bb61c9d736b17c0dedd8081864d56484408d9,UNIDX-WETH 3000 60,30744.88662886335
0xce198ddd044c411ed26a67c90fa7bf62c9d34177,OLY-USDT 10000 200,30428.049658421216
0xd0f3076b1f9384ad50d1c683376d7ac70d1e2995,WETH-SHADO 10000 200,30206.021881383054
0xadd1b6a7e3be5b8d5b8d8b1610bed78f8747d7e4,TRAC-WETH 10000 200,29967.288886732542
0x00ef3b7e122853ba088a1833f7bd3b5ad3dd0d32,WETH-Yf-DAI 10000 200,29784.902857856465
0xfa18f4ee096cd153e6caf601c8b63bdfc1a0e60b,WETH-OMG 3000 60,29571.671819685547
0x1d0f3c580378daf7c66c090e098819f633e04880,GRG-WETH 10000 200,29166.437786849787
0xedfb147fb1be5d1a6cab1d8633f8b02b040ebf56,WETH-CARS 3000 60,28632.551198523466
0xc69b99e35d951a9d023355a89a848567d8b34687,HYDROFUEL-WETH 10000 200,28076.852795886065
0x9c512f6f2e32dd8f008d57277275d541391f7818,WETH-METRIC 10000 200,27612.453378112856
0x8e5778ded8a7dd4000561a119b65f973158c277f,FLX-WETH 10000 200,27482.646124956882
0x4c7eef55745f937d1cf16fb595db1885bbacad45,dcaps-WETH 10000 200,27331.596499855226
0x0f397ac1b8fcfe10909c2130d83f798b8fc18de0,BSP-WETH 10000 200,26978.871744000357
0x525a97f692928faabc6f85d0c6248b79fddf7e83,MIR-UST 3000 60,26889.10255288771
0x42828ac0ef0591081478d4e6a06a4b92695f8017,WETH-CND 10000 200,26650.82748464004
0xecfb71f5d7130fb38706be4a8144ee612063101a,CHIHUAHUA-WETH 3000 60,26474.006724661587
0x3d8b25d559c39fb22811569fb6944e8887ee9ea5,BMI-WETH 10000 200,26330.6354537516
0xec47e6bbc03579fc636d7030aba455be137dfd45,USDT-rUSD 3000 60,26310.56023647001
0xe2500e970ac77a8520fd1443ba07960264ba54f8,WETH-FUCKELON 3000 60,26158.763735454373
0x29ee0ff115b8574b98eb6b5bd697059a15295c17,ORN-WETH 3000 60,25659.90556682394
0x1a8fb0d1bb70a890404dc399b0964a405386a24b,WFIL-USDC 3000 60,25570.80574520537
0xecca6db8efe28b93af5abc69fa7d8094cbefe139,IQ-WETH 3000 60,25033.72364274939
0x06783fe89bf5906cc48c2c53f73a99fc82996ead,FORTH-USDT 10000 200,24960.300696633705
0x6a2259ac6714c6dd825f7fd615fb7ecde05eb09f,CFXQ-WETH 3000 60,24758.83129581606
0xd4146e01e8380624e4f69edf178aea1e8a880cb7,FEI-TRIBE 3000 60,24743.09273678824
0x354dd08c557ff37301715adfdf83bd9fcd04707c,FLy-USDT 3000 60,24707.89759152572
0x1f007c775945bb5e95e07ddc4abe2152fe404ec4,MILF-USDT 3000 60,24701.25099188918
0xfad9395ca492e9df6ef0d4f5184bb50d1b382335,MCO-WETH 10000 200,24271.783261609307
0x2a5415c7c286209165362a269508057f3577a031,WBTC-VBTC 500 10,23868.437203822075
0xae85c4bf1ee72c03fca90b693c24633606dd1796,WETH-JAG 10000 200,23552.833409780018
0xddc9e703595afc08fd5ad049c4c129804a003177,MYST-WETH 3000 60,23268.959184210045
0x7f54b107fb1552292d8f2eb0c95c9ae14af1a181,WETH-VGT 10000 200,22981.278156241373
0x9992c7e0ed14931ddd5bb68e5649c07b13267cb1,DAI-DOLA 500 10,22880.71944771219
0xa9e2037cd3d894e8121866199fb094fafa7fed4e,LGLBGL-WETH 500 10,22709.742030030524
0xc1ed7f3086575fc5dc1b850ede2b65cbe43e022e,CALI-WETH 3000 60,22282.88918817014
0xa639a6bfda4149a5e716426dcf42bcdb7e93c753,TRU-WETH 3000 60,22128.03906718806
0x634af6dbe36fd92d799d5442bac62873a8d96aa9,FARM-WETH 3000 60,21810.173436029294
0x76885c4665793c21bede82cff2a1fc099bad7b4d,BEST-WETH 500 10,21807.1267239386
0x79e42a2bb91a0f9118e2b5231958c1eaefce390c,IDLE-WETH 3000 60,21655.231818823224
0x5598931bfbb43eec686fa4b5b92b5152ebadc2f6,COMP-WETH 10000 200,21572.398100925464
0xce3dd41cfe1d14e66df18fa66ff5bb1dfd98b880,BTSG-WETH 3000 60,21445.426920589787
0xdc9808168a89eb03179efb53996b24c7c491eaf8,wDGLD-WETH 3000 60,21276.058851736427
0xd57a0bec7863f74f8bc114c4acc19f1da915043e,FTM-DAI 3000 60,20949.65588630875
0xc7f1498df3f2c1d5adc614a24ddbbee45c047480,STAKE-WETH 3000 60,20468.60815857019
0xb97909512d2711b69710b4ca0da10a3a7e624805,WBTC-DIGG 3000 60,20353.130694273783
0xdceaf5d0e5e0db9596a47c0c4120654e80b1d706,AAVE-USDC 3000 60,20174.857785396398
0xf7a7309b3c2e1ade65a11e8ec65a6062c2d754a0,ARCH-WETH 3000 60,19902.83734211558
0x9d918fbf7dba01482f7431ed6b3522eac0e30ea3,SDOG-WETH 3000 60,19697.536297257662
0x97a5a0b2d7ed3accb7fd6404a1f5ca29320905af,TORN-WETH 10000 200,19572.88061650806
0x095a1b2b2655a58cc1920b044c4b7305d4270524,ABST-WETH 10000 200,19568.923677420895
0x3b549e2ccb3d058b46c547af9585174a73cf221c,VENINU-WETH 3000 60,19492.81671917619
0x9d7e5647ce3c7c2d835f2f5e82c8fdb36b0bb0fe,XYO-DAI 3000 60,19325.588382612223
0x0a615a87f843c714cf74b2f44f7398317cc603d8,DAI-XTK 3000 60,19048.99387602041
0x34f6783aa96d88496d1cd3f161a8a9d870cb9f85,IDH-WETH 10000 200,19040.068991173994
0xaef97897fc4e284526e6eee1115344e3f5ed979c,WSATT-WETH 10000 200,19026.187298323635
0x2cb0d23b8ba8025faa4229723968e6ca6d39a963,WDOGE-renDOGE 3000 60,18624.20937956046
0x713ce36a75887ddbbfa1dacd8ef6128b36e34d0a,ZCN-WETH 3000 60,17863.273669109072
0xf49ab487fef27492f543ff9bfcf9ea9ca1e9023d,WETH-IRX 500 10,17668.419965845198
0xc75ba9831e713666e2ba1d11952c95011c961573,MDT-WETH 3000 60,17611.82755285673
0xf4aaee4e6ffc79252f131635a0dbd6d630c69c12,KP3R-WETH 3000 60,17206.187165203846
0x4947d72ba0fa09194cc1b920d30acd244158895b,AGRI-WETH 10000 200,16638.328493099212
0xcf56b49b435f4d326467788f2c8543cf9a99660f,ADST-ADS 500 10,16032.2553509687
0x88977729330e55aa7111fec4967d8a561ac7c741,OCC-WETH 10000 200,15943.773582454698
0x867379d1c5580bd30d030af0ff2e5bf2f59be17d,BLACKCARD-WETH 10000 200,15777.109269722145
0xee5060126ccd0e8336be60c7ca576c4c2e392d36,TIDAL-USDC 10000 200,15741.090217974257
0xa53630cdea79afb08ee293b319ac39db4f61988c,AIRx-WETH 3000 60,15658.904543012672
0xf148bdb609575b613cd615bafe2b22cc47532ee8,PICKLE-WETH 3000 60,15601.394404467175
0x1e672b232fbf74639a9c3dc98525cf7651e8a4ac,SUNI-WETH 3000 60,15537.684507949014
0x66f8ab85f18f3281a2b704d3c734e7211d21d009,ELET-WETH 10000 200,15333.253551079126
0x07b1c12be0d62fe548a2b4b025ab7a5ca8def21e,CRV-USDT 3000 60,15221.061919783295
0x68a1b3dbdfaa0529371ac8e9d87bec40fac254cb,WETH-TERR 10000 200,15208.747022046391
0x211871204585ef0197423c97c44431dad9daa0ed,DAI-UBI 3000 60,15189.434720105699
0x3cd80800a1403a96c4c8aa28cc291cb8cd6442b3,WETH-SUPER 3000 60,15178.325211956402
0xdce6e7d5d400773c876689f10a5dca6a438ccf88,BTU-WETH 10000 200,15168.699361234314
0x1ef6295d1c0b321e7a139410ab4ab5ed73036d56,BASv2-USDC 10000 200,15061.176453815486
0xc6ee20d4097bbbf84419f680953319e1f6f610a3,ISLA-WETH 500 10,14855.940584165595
0x1f81f2919306bbfe26d7b72776fa77984aaf4d5d,WETH-SNL  3000 60,14725.766067584642
0xcbba4ce5fd64a6b18b305eb7ffeec8d46257c9db,SHIH-WETH 3000 60,14671.384794347934
0xd0bfbe394efa343740857060092966fbed0d1a61,PNK-WETH 10000 200,14548.50726039044
0x6d9e83bd525742d215690159d53dc09dde13e7be,WETH-USF 10000 200,14374.349386046846
0xd223ef8ab212c7aa58e0d240418f8b0fdbde1aa1,ULU-WETH 3000 60,14302.975489807926
0xb2d26108582ac26d665f8a00ef0e5b94c50e67aa,SOX-WETH 10000 200,14242.554429078822
0x666a5fd59b5e3c27fecc57f85f2a554966518e90,MINDS-WETH 10000 200,14001.466046257252
0x1992930ab49a367acc9515f485fb798341bb25e4,CBC-WETH 3000 60,13985.305460991283
0x9fbccf078dce4c8561e9990efa3f971a4c2fa2df,WETH-B20 3000 60,13949.94046989525
0x04e08fd3503c971d510674b2bc5c9a17d4760eaa,WETH-PZL 10000 200,13669.538872281579
0x8d4322d9a275e7050ecd25a59a28eaa50111bf2b,WETH-LOLC 10000 200,13472.23082643452
0x1090fe5dd07455318d24e0995791cd55f86e2d52,BLT-WETH 3000 60,13269.477696240323
0x3f9e5ff155a04554e674f9e2f468dfd65142f672,CBM-WETH 3000 60,13157.440608497829
0x01fced9420b37f9b5dee28af7e692c283d987bc5,CLIT-WETH 10000 200,13028.150127331883
0xfad57d2039c21811c8f2b5d5b65308aa99d31559,LINK-USDC 3000 60,12742.313990563047
0x973a67726227ce2747d5710eb44a53fb9abfd02a,DAI-UST 500 10,12728.2763018189
0x6f093036a5eb623a7e07be17f21f72aee543bec1,AWS-WETH 3000 60,12487.052427629824
0xebdf58b78b2523611a34ded92ddf663c432d0a99,ROOM-WETH 3000 60,12300.967722236812
0xc9c3d642cfefc60858655d4549cb5acd5495e90e,REPv2-USDC 3000 60,12205.532479065845
0x851907e244ee2075d985198bc72dbd44ed806230,LINK-ZENIQ 3000 60,12187.813109517949
0xc2bf50fb4bbfabf283718944b68c62a9024d7a11,BTSG-WBTC 3000 60,12072.556486443937
0xe95a4c410a7e1b8c3282be1af9df57c24e48eb85,CGG-WETH 3000 60,11937.99053687736
0xcdc3dd220a81e7f020891131a535bd5e47fdcc6d,0xBTC-WETH 3000 60,11923.364478155363
0x4439a8002234616e673d3a8768bb16e7b4e96fc6,Slut-WETH 500 10,11901.394399577654
0x3bd3145047743b00b63050fd54b43d1e91019aa4,FITC-WETH 3000 60,11669.884369372192
0x1a82009e8d6d3e893e5b01c6e98133dfb119140d,ZENX-WETH 3000 60,11647.497167550675
0x1415db6d7f91e79d1b03d179673fe63a6a6bc0b2,DRGN-WETH 3000 60,11467.830888695047
0x83c5e077dab04c79464b4c55d28ea5c9b8c49bae,WETH-FREE 3000 60,11449.139593623762
0x97f1dcd123e8b89f54c74e67c904ed4f225fc2ae,LUCK-WETH 10000 200,11434.834074404946
0x2ffc646b784732687f647e4f20a62db04cde6be8,WETH-CVR20 3000 60,11287.970117918157
0x87ade669de2a7cfc193112b7d885f5203a27635a,WETH-MOD 3000 60,11274.442290643396
0x5d938b62a0847588ef6b35ee61efc8325351ff16,renBCH-vBCH 500 10,11184.447083339246
0xacf35a1ab6ede9c8e06a7001499c8e1e02073022,AMON-USDT 3000 60,11157.117638005484
0x0a08bf867bddf555f4aab644dbf0dbdfbf510faf,POMERANIAN-WETH 3000 60,11057.555593422536
0x2266d95f215f2dcc0a0b07a78fef6f16af3677d1,$BOOK-WETH 3000 60,10759.138319671782
0x7cf70ed6213f08b70316bd80f7c2dddc94e41ac5,UNI-DAI 3000 60,10716.980036504276
0xe405113bfd5b988bdba4a4ca9419a18f9e2828a6,WETH-ADS 3000 60,10639.684338579696
0x3e16d0a4fbcd40fd5534c90ba94037175a091567,SGT-WETH 10000 200,10638.962253203123
0xad6d84516cbdfcdea2776afee0d17d187b47d170,DRC-USDT 3000 60,10495.161467818643
0xe7477f50eca9f4f0d73717b455994b0086dc544f,FUSE-WETH 10000 200,10170.606243545635
0x5df72cf0e6c482544235c4c19d279e8a53c9fd62,AVEX-USDC 3000 60,10074.039887236198
0x5f95ce015fb0f935506aa1812f4b0a709abb7ea7,ROCKY-WETH 3000 60,10050.919166957921
0x81ec0cbe58bc6df61aa632dc99beb6f87f0e2a17,MAHA-WETH 3000 60,9856.029309093683
0x473bd625c88a26d334318a50d9885b3c08df4bbe,POND-WETH 10000 200,9854.050171635196
0xdeaf677af91ec0655124860e1a15177aee86303e,GHX-WETH 10000 200,9761.427906555855
0xaff1025438da93bd86427f2f9f7d06088f720a8d,CELR-WETH 10000 200,9745.57008827091
0xd321f69da1285454705e71f3437d36e29a4febda,DRGN-CEL 10000 200,9741.055227910132
0x447adafd849336d3ff5dba50b1d9f4f8308e82bc,GLDN-WETH 500 10,9650.868354947488
0x48e829622d3e660a9451d2e6cb1b192e2ff801df,AVEX-WETH 10000 200,9512.976982616394
0x1f8598acf74d674ea6de96263cce55f66c669fd6,GRIMES-WETH 3000 60,9501.53790382402
0x57729d1496ab1f421a451019d28e5062dcbbdeda,BOND-WETH 3000 60,9218.623919327509
0x838cf121dde0d4c1bf85de6eb56a9c5015e59033,PUBE-WETH 3000 60,9187.878503994185
0x994bd5a0c8ded978beb9444da6210c79d372a06f,POP!-WETH 3000 60,9184.132090380454
0x2e8daf55f212be91d3fa882cceab193a08fddeb2,YFI-WETH 10000 200,9005.175880629855
0x41610532c101e3c83758c6491197884cc9d45ce8,DOGY-WETH 10000 200,8956.898523572385
0x6e227a93687d9f32251cd236529fa59025a33845,STKR-WETH 10000 200,8842.150264342617
0x8ac760b834870a922970248085d71a683502e238,WETH-PLR 10000 200,8741.178713746447
0x39c9e3128b8736e02a30b2b9b7e50ff522b935c5,FXS-WETH 3000 60,8600.621100705675
0x75087d1032782be8d5a6d8fe2256bd64d50c8838,WETH-2KEY 3000 60,8436.222720673437
0xf700b3083519c6e7b32910eb9ca5cb3bbfcbee1f,GLDN-WETH 10000 200,8320.618879254374
0xcef7f42e1f5737c9c2a0530dbb05212b57fb6679,üåê-WETH 3000 60,8163.263435019837
0x346d0390e18b241ef51cb5a080e2bfb2ddf8e5e0,UNI-ZENIQ 3000 60,7918.937354226334
0xa2fe103e557db1bd4e963dfb3dc50df981986970,OMF-USDT 3000 60,7892.676858546353
0xfc2fb9fe0a038364cc718f3a5755d23095af0e7d,MYO-WETH 3000 60,7822.459806019465
0x199621a88b58e96209bc0dab3ec8b8f3cf7b4626,WETH-NGM 3000 60,7801.067363432017
0x81b5d5721cdc2bc4d90c9837c411f210bc68a188,MGCK-WETH 10000 200,7658.855825955553
0xd442e7f7cb6b5dbc1c6bd6aa7421748985235060,VOTXv2-WETH 10000 200,7450.899723196699
0x000ea4a83acefdd62b1b43e9ccc281f442651520,BUSD-WETH 3000 60,7420.644075545197
0x82743c07bf3be4d55876f87bca6cce5f84429bd0,HEX-WETH 10000 200,7417.964900387142
0x9ca37e40aef2686a6f44cb4e2708849231ef3878,WSTRAX-WETH 3000 60,7409.550199381659
0xe35ae121d44c3d884de7821978802486cf9bf715,VVT-WETH 10000 200,7377.432126435395
0x4332dae6db245f91969ad7001045ef400b0f26f5,WETH-LKSC 500 10,7331.089415427114
0x13236638051f7643c0006f92b72789684dc92477,WUSD-USDC 500 10,7291.93619346747
0xa98a9e4bd2fb25a4860a6ddb1a45a06f050a14c5,WETH-FRM 10000 200,7164.545952510334
0x64d044a25c6d4b2c2ba3f868c6293fbf2f19d22a,RAD-DAI 10000 200,7100.592837993027
0x290e1d74eee046d85dcc789ec555196f2d06a1d7,WETH-RLY 3000 60,7023.285044834438
0xb8fce31f3dd2f0de6823575f1d35da4a306a5777,SST-USDT 3000 60,6881.949747974106
0x2aadfc5d4957a4eb4b6a143adf4ec9244be70eb0,FELLAS-WETH 3000 60,6619.750463158556
0x4b133a98c5f38bc74c9f56783399897f2e6e18b6,MATTER-WETH 10000 200,6556.000977693823
0x691c9c0b050c2c3d46dad37b1b4c3666f13ecfce,JPYC-WETH 3000 60,6388.659501640642
0x0710bb2d0110463af338e60755435762c73e514c,WETH-VISION 3000 60,6241.879052956811
0x8f12c6e9119ce7fb3db0d67af757810c4a2f3199,BERI-WETH 3000 60,6241.042707386314
0xccce35f1eacf0acc67e2fe5bb0d608192ccc36f8,USDC-STORJ 10000 200,6152.568948424087
0x421fa903fddbeb003606dd49ed3d12d068774093,FOAM-WETH 3000 60,6142.3033683048325
0x9f202546114e92ccdebcfb6f3ec82afd699c68d7,TOMI-WETH 10000 200,6060.007576425364
0x7ab6b2b49e1ce8cc10f06d2ee3a0ab0d1f4fa489,WETH-üêï 10000 200,6037.956266221285
0x264c7a632ce9171f93fba58a834bb78b4dab9d82,BANK-WETH 10000 200,5901.7517094614
0x2c73ab8ee6c3aebd692cc9937a69ca9811b027cf,BTSG-AUDIO 10000 200,5893.702938835123
0x5412be87c36d671358353dffc839ef79cdf79530,MPL-WETH 3000 60,5860.5307567747805
0x796d261132ef5f278b377257142b8934e0cf36f8,SCHI-WETH 3000 60,5806.056300665346
0x22878c545228663350841f0255d2b541be4ee783,BSP-WETH 3000 60,5745.484178643508
0x3850467e46e0da25cd355956f32deb44b639cfc5,BMEG-WETH 3000 60,5739.9215471350035
0x1f14600e71bf9ade32bf97e60a526266eb437ec8,HEX-renBTC 3000 60,5731.679226736407
0x875194c57bd19407b0db8709607ebd06d02709ca,YFI-USDP 10000 200,5690.277992149468
0xe92b617ab83ac1f9601ed584ae297665649c8c15,TOWER-SUPER 10000 200,5670.962214501029
0xb29148f6ea9f2d78ba9b2d6b30af37afdcc31a9e,STORJ-WETH 10000 200,5658.578995143092
0x73121e8141f3645cee435fbced27259f31fb2145,PISS-WETH 3000 60,5581.603991059609
0xe04c78ae1ba3e398e6da81dce94ce6eebb3ad602,Coval-WETH 3000 60,5495.358516959472
0x5e8e2ab939ba8dd40f9895594aa81d2039623190,RAZE-WETH 3000 60,5493.501582643036
0xb892ddf9f0837999f6232ee2028eadca6ca11a6e,WETH-SI 10000 200,5459.693034511393
0x91f461f51e035fa00bd54074608f366885428a50,BASv2-DAI 3000 60,5357.518579602464
0x923e9e9e890a5453c13ce4ae4c2bdb898eb0b6ba,KWT-WETH 10000 200,5298.536910697045
0xa6cf5cd8386af67d8aca50022afa22de6c98c6b5,WETH-RUSH 10000 200,5249.184083858952
0xc2757ea8b4bcf4ed59568b374d4b7a0de522735e,JPYC-USDC 3000 60,5159.698667238825
0xc486ad2764d55c7dc033487d634195d6e4a6917e,MKR-USDC 10000 200,5148.859261863611
0x548838a45d922230a99eec8a3710ff0f8d203f18,WETH-PIN 3000 60,5143.355979965313
0x326d251d1e12c9431f63f148d6a0706cf0262fe4,Count-USDC 3000 60,5140.35627877871
0x29cd1da01a0d2f0ae84615e692d35971d52c2ec3,TRSH-WETH 10000 200,5106.171432656237
0xf8147d33614168ada826c7d2227506ce5ee278d9,ODEM-USDT 10000 200,5077.778639096091
0xc485b2757ca69e83998bf4543833409bc7a417ac,BTSG-USDC 10000 200,5037.66119687183
0x0bed31d1070a3713a2fcf0be500b53774f73acbb,AMPL-USDT 3000 60,4918.2335648448125
0xb853cf2383d2d07c3c62c7841ec164fd3a05a676,WETH-XGT 3000 60,4784.837009082426
0x402d4865f9bf101e4d06e0bd565a8e85118520e2,WETH-RND 3000 60,4742.3761598249
0x9c729e49d1dfb269f3909dfd3fd2b6fcc8c800ef,WETH-XCUR 10000 200,4717.952921489943
0x3afdc5e6dfc0b0a507a8e023c9dce2cafc310316,MKR-WETH 10000 200,4693.189764851323
0x6ad47733726c86d0622188ea2197945977be3f54,XOR-VAL 3000 60,4593.775399449623
0x3215ed67831a260b2a1d1e0652de082fa85ef4d5,CAN-WETH 10000 200,4578.774322895876
0x536fdc52df8ef6c5ec7b5616d6442965d451170b,RULER-WETH 10000 200,4543.106430449544
0xf2ed0fb5b032f0106b169179878dde197d08dcc5,PAYT-HY 10000 200,4451.571177775063
0x56166d2190026a30bfbe789fbb261c41a9fa699e,WETH-STAR 10000 200,4445.801515910562
0x120642582b3ca5367d46171c00ba637bdd9f08d1,KEL-WETH 10000 200,4384.039761037905
0x8a336a5b52cd1785ad32babc1ab62957fc8315e2,PARK-WETH 10000 200,4295.9328138414785
0x9d799ed3d83141f3e52c1d0f56f68189ae915737,ROOBEE-WETH 10000 200,4279.383001650523
0xb8b71473301407f29c31f0e2b13af963aeab4393,SXP-WETH 3000 60,4240.900741186129
0x7ca5ce95b5494dae094423d52be0b8997bed1b83,xINCHa-WETH 3000 60,4226.470396756627
0x03a86d1488dd6ae052214cac0d845d6ac0153d7a,ATMX-WETH 10000 200,4188.086904918324
0xe82153c957dca69e799035be304642347bec5007,GSHIB-WETH 10000 200,4179.485922639453
0xacbcbfc1f3febb092d9f01d2cafcbe216ebf8119,MAMASHIBA-WETH 500 10,4082.186720233461
0x0509f0b09beee2f61ff0afeb57bdbcb24b50c631,NCT-WETH 10000 200,4050.714403353579
0x4b63963d9a331586ea94a993820f3bdaa474bd59,PNODE-WETH 3000 60,4010.8478873125487
0xc2ceaa15e6120d51daac0c90540922695fcb0fc7,WETH-MNDCC 10000 200,4009.424154760464
0x5b7e3e37a1aa6369386e5939053779abd3597508,WETH-RIO 3000 60,3981.538603209743
0x537d64cdfd58376a5cf3c4807933cd647f35955d,PAR-WETH 10000 200,3953.911353750783
0xeb3638255bca1509a400ae12d546bb09736869b9,DEGEN-WETH 3000 60,3935.8885927256183
0x9e536d58315436a83176d02af6c564cd75c682d8,SHIR-WETH 10000 200,3931.88613958636
0xc4c73b403c474f7bb4f0d5ccc05cf29e7fd43681,ARB-USDT 3000 60,3909.5730746617933
0x479f037ebcfc0a869b2b0a5a0d9227d730d8f0a3,ASH-WETH 10000 200,3902.1862087228037
0x91ea7e4dbec6115b6531dd90456b23dd83ed7b85,XTREM-WETH 10000 200,3895.097878337051
0xf1ffe180e7b5211ebe0e2b3b2e5bf2d38d996d79,USDC-BERI 3000 60,3830.5394293684703
0x067b0d52df7da4a13142a02c1d2c19496d6b0508,AFT-WETH 3000 60,3816.9493338997463
0xb797bbfadc3f32c6bd1f74c4806ca663a00c0141,RTH-WETH 3000 60,3765.191698570855
0x3658820488e9ed3e4ef9433c5b539c06c6d24b07,SDOG-WETH 10000 200,3662.3343884285077
0xe1b517e0b8f9a996e67f9089dfce81fb494579ef,NDS-WETH 3000 60,3621.4216631482714
0xa89ae75f2bcd5b59566bde15bff02a40e9014d51,NFY-WETH 10000 200,3572.2591221022385
0x5b97b125cf8af96834f2d08c8f1291bd47724939,SAND-WETH 10000 200,3562.0395120598087
0x2767a2c9014ae4b344029b346106434e9e4be66b,TTT-USDT 3000 60,3552.9112167921944
0x11939e41dd9c5fdb319c1d8eebb83afb886a1c39,BS1-WETH 3000 60,3546.8534047870758
0x9d9590cd131a03a31942f1a198554d37d164e994,PYRENEES-WETH 10000 200,3487.8299560610776
0x5d8beea6297c6cdbd7cf925e23b0ffe696212709,DATAX-WETH 3000 60,3487.8299560610776
0xaf50b29da68ea7b1acf5a0df0a975657d4c26ff9,WETH-BEL 3000 60,3477.3843884796956
0xf8dbd52488978a79dfe6ffbd81a01fc5948bf9ee,VXV-WETH 3000 60,3443.944829624178
0xe74e836b761348f2782a7d3ceb7912c67361d89f,NO-WETH 3000 60,3414.757163598779
0xe0ecf49e570da407d054e29626e73b1f86983b5e,OvOa-WETH 500 10,3408.6710286634225
0x564ac0f88de8b7754ee4c0403a26a386c6bf89f5,WETH-MEME 3000 60,3375.740679122702
0x37fbebbc3db4763dc4066681ecc9390b825e94fd,ETHO-USDT 3000 60,3370.269827029183
0xfc8eb3545aec5fd376d739a27811e25c15133764,YACHTY-WETH 10000 200,3279.3765990721467
0xbd583b87880f85021d118b7ea1c85436148bcdc6,ZIB-WETH 3000 60,3224.9858723432917
0x5559d1c111dcb5591303ff14a869d84b6749aacd,RUSH-WETH 10000 200,3163.507533694081
0x41d95f74cd12e606106ff1494e950bf77dd1c9c4,PRICE-WETH 3000 60,3123.5987746815335
0xbd68aff8e4fd87659bb772197a1ab153090906c3,ARCD-WETH 3000 60,3091.1047927323993
0xa96c549fa361181a94c081597171e17d27459dbb,MTA-WETH 3000 60,3077.9132834526627
0x51b1adb7863b7fcafcd1dcd4fb3a2e2dc7263374,FORTH-AMPL 3000 60,3066.5260654024232
0xf4020783b38f3cdb34710dc0467e5383485318e3,WETH-DNA 10000 200,3046.5014541760575
0x235c74836bf329a8c4172af9d07173f38026a49c,ADOGE-WETH 500 10,3017.640400020204
0xc57f35251782c1532173795c73b0209d6f480ee3,PLUG-WETH 10000 200,2948.38961780956
0x733a37b3774e3c079aa39a83c93b142ebd0d7e78,USDC-BPRO 10000 200,2940.0960528467094
0x9afc970774f4eda981978c94dedb9392a813ea5d,QSC1-WETH 3000 60,2882.1163365356624
0x2289fdc39012fc5cd3ecf9ea0e1bf321b954dd3b,LEEK-WETH 3000 60,2877.635339024397
0x4b3bb4ddc44732eaf0cdadce3903bc331cd6886c,AMINU-WETH 3000 60,2876.670099921753
0x192298e57b0da73cc2b98ffd7dc6858119de6e6d,PIGX-USDT 3000 60,2860.992590782381
0xbb58829c1d47569de1d483338ee6274fe920d6f5,MICHI-WETH 10000 200,2847.731559878975
0x9a9dc10214391dcb2dd959bd8755d75b19847871,GSHIB-WETH 500 10,2785.3689524561546
0xb645849765616c019c56d6c7bd339d606919d146,USE-DAI 500 10,2780.3875721788377
0x6f7328c2188b0a61c6d76165c272b8cb2dbc2f94,INXT-WETH 3000 60,2743.603550475322
0xab2c0a53f1be637d149e48f5e67071a6b24a6244,POND-WETH 3000 60,2705.89492435423
0x1d9de3ad2e0742b6642524c12afe13568035fea3,UNI-SUSHI 3000 60,2698.785798605026
0xff1e17af5aaa12424de7cfcb5d6622d14c768652,BEAGLE-WETH 10000 200,2665.2537804899594
0xd65b707c8f52452efd045f6837ccc1fc9d18f001,AINU-WETH 3000 60,2630.532400771083
0xc7df4f4077b956b262e012bc2d09070828352a64,NOA-WETH 500 10,2623.2089050742456
0x1d21624811e8c108ec8986c7c37f8cf5c99fd5b4,DBD-WETH 10000 200,2571.8584207997656
0x0a09ccbaad2550746560b5a66bc77945820f2954,AZUKI-WETH 10000 200,2557.3753002486847
0xf152fc91f7bf2a32c16257e796e79fd8f318a523,PUP-WETH 10000 200,2512.785934396161
0xf51df2c10678d13c50768f2d4c7f1bc12a53f08b,USDap-USDC 3000 60,2477.994068699267
0xe7e340f19b827bbdce1d74067cc49c76a3444772,USE-DAI 3000 60,2468.8130703585057
0xa92fbc3e68ca77d11d4a8ada98e1ab8b9b7b6fc1,WETH-FCL 10000 200,2440.143281027548
0x6d59c765ac37a1953f31094beb38dbeeb451a8f6,RLP-SLP 3000 60,2413.0772209265806
0xc5003f495a5072a81771ef8aa38c6302f45f0ace,BAND-WETH 3000 60,2395.2182476695853
0x7c79d003a7973dbfd663b5124e06ee025a81eb1b,WWC-WETH 10000 200,2340.9539913776885
0x32f36bdc2c49775f1c31c80d83b7e6971b70c397,TFL-WETH 10000 200,2272.954751786082
0xcd272822b0271db048d90fac3357a79b62006c6e,WETH-HOPR 3000 60,2214.131261969622
0x74723340c2e12e77b78e1a13bc31a8f43ac99f0d,DOGE2-WETH 10000 200,2207.1337712713685
0x29fbf57eb9f7578eec4b5ff777a2cee5d6134e3a,SDAO-WETH 500 10,2197.3328723184786
0xe75b569cab0c82983536cf470c1663fca00a5f68,SHBPO-WETH 10000 200,2152.41814013347
0x569c2d4c0df09561f71655e97ede14d4ab0fd8cd,WETH-PHUKIT 10000 200,2136.387520798376
0x957ea2c0145da5cb7959b53ca61295451cd8019b,WETH-ETHF 10000 200,2102.6746071145935
0x8e587b3c84a153baaabb551777db5740808fe8ab,DAI-WSTA 10000 200,2102.03862996363
0xead9346aab5f82592138b8a7d0c6d27ff7bcd3c3,WETH-BOUNCY 10000 200,2095.236106576808
0xb2550b0bbc892e3505924c24e122ad89f89ddb65,YFM-WETH 3000 60,2089.2878074201094
0x130430502cccc91854490e596d43b09ccff264c1,WETH-VAL 10000 200,2070.194622425475
0x28af48a3468bc4a00221cd35e10b746b9f945b14,CHONK-WETH 3000 60,2057.665806195351
0x2eb28203576937c5f67f604e8534df9c74915ff4,GEAR-WETH 3000 60,2035.8064781333997
0x9675f70c9b4bcc64b54656c57a2a8c8474a6847f,EQZ-WETH 3000 60,2012.4980972863088
0xf987b7aa76b175c3230c395a495350d2eb146391,WETH-BDP 3000 60,1978.4499404590422
0x166b33973b9090e6c91e2c8a0e92d6cfbe84dd33,WETH-DATAP 3000 60,1952.7287673432775
0xe3b919d83de6332b20293faa82a3e1748913b290,vSPACEX-WETH 10000 200,1929.2145291001516
0x37430d951a3876fd5337f215ffeb5c8f840cef75,XFIT-USDC 3000 60,1924.2834449460593
0x54514ee06c8c10029f631eafb0964573e554e319,PENDLE-WETH 500 10,1883.830276993252
0x25b1c0c2a174dec7d8072b23d0a9d731774f385f,Honey Inu-WETH 10000 200,1880.1706123157182
0x97a86cff15d1af9eebd67274341291fa73d0f204,WETH-WPRCY 3000 60,1872.229062976705
0x7245fb24c071f7d4a315239096395a466ac39e88,WETH-SKYSHIB 10000 200,1849.7261170894133
0xcc7e0f514d8ef66e4ddcb6a5765ec3dd64492f4f,BCF-WETH 3000 60,1772.5110442418604
0xb6abc159fe86885f8bdc88a42ceebe9eba4acbd5,WETH-HEZ 3000 60,1769.7752475096195
0xc49aff77e34cb0f1ae4450495d64209e41e8572f,PAPI-WETH 3000 60,1767.3741945345873
0x744159757cac173a7a3ecf5e97adb10d1a725377,FET-WETH 3000 60,1758.9881465101405
0x4cd75e0f69cc0def47bce878ced15c24ea096e10,TEDDY-USDT 500 10,1722.105644735505
0x4efc9e2e3e77732ce2f9612b8f050082c01688bd,GREEN-WETH 500 10,1712.1324005426602
0x599a690e33de75ede4c57fbdf72762d3840e342e,USDT-UFP 500 10,1703.5620801913506
0xb7feb8443c91a324317c15b50ebd4a37828920d1,WETH-BTY 10000 200,1703.0604532186399
0x0e2e8d0e47a035d5118e6c5bc0212efa0bdf8504,WETH-kMPL 3000 60,1700.2371374842016
0x73f64f12a5ca29952cc31db4291a9f8dd43de4f3,vSPACEX-USDC 10000 200,1634.6690052252634
0x5555b1b916e02f8d3d1a17f1bc71877349f7e486,JENIS-WETH 10000 200,1627.9336120332518
0x013037f7e497beb2903e9b73603c6ae30648dbf0,SXHC-USDT 500 10,1564.9931565806774
0xf10c14b04b94cefa159845b19c2b70db5d868509,WP-WETH 3000 60,1552.3664304615495
0xb43218b383fdc6de7c1bade113f03af4585300aa,TSC-WETH 3000 60,1517.6541425646308
0x0e6e9bf385cffa4b70ace38e1885e6e1730da54c,DOGY-BTY 500 10,1498.0651594862416
0x03a90943380f7eb21fde74b94d945aa3e8508740,jCHF-USDC 500 10,1486.9225156774799
0x5a822604e9928e3a65793da6a5409b2aa72216dd,With ‚òïÔ∏è-WETH 3000 60,1470.7425413816513
0xc837fe2e91cc7210eeb6e054ec9dfb9fdc4a26dc,USDC-AMPL 3000 60,1453.088915727163
0xcabff00366798a59680e34c2374294a18646a3e0,LELE-WETH 3000 60,1437.6025074297993
0x7a3c548416bbe8e09ac4fd6151af2dc6957a75ca,MET-WETH 3000 60,1401.68647481391
0xf5a9cf16bf5be5dc9946953ce4bde27ff8a0a478,PHI-WETH 10000 200,1346.6222489461152
0x38b13a9e112cbdb281d1aac4bdc10a5a0c0c9651,v3DOGE-WETH 10000 200,1346.2004211342107
0x601f7efaca945bdba9cbcc6d1ebb22e04d0a1f2d,UNI-AMPL 3000 60,1334.0773021843777
0x788f0399b9f012926e255d9f22ceea845b8f7a32,WETH-PUSH 3000 60,1318.106167433498
0xe3ee7ca56b5ae12876df64dc4017c873f91bdd6e,RPL-WETH 10000 200,1302.0213317604923
0x8e6c18db54314108c6d9b4f2ef27b55dc8fd945d,USDC-VISR 3000 60,1291.624000101167
0x4cb77f47c77fd0cc8879a5574d80864b45fb286f,ETHMNY-WETH 10000 200,1283.2080328061602
0xb6d002fcd44c024a788077a59987d8394d4434f2,WETH-TITS 3000 60,1262.7092783444418
0xa46b45ff67dd5e3a37d6b40319c51aeae9c5bbd2,STAK-WETH 10000 200,1260.4766561622132
0x8af7e476b1059597a402ceda71f37ce7f910b5a4,AVEX-WETH 3000 60,1246.3553652063536
0x425493ab40625ce677141edebb63a2b61f96c454,RAI-WETH 10000 200,1204.1372912211866
0xf720e786b92dd659c30d9b57b626e39d92935eeb,DNUTS-WETH 3000 60,1166.7800956710275
0x8eba4113045b258fc5bea1033844948b3d333ef9,QFI-WETH 10000 200,1109.6973754457583
0x7d4afd8e363ccbdd879836eb9dce560d8d614699,MYBAGS-WETH 10000 200,1107.2335710779325
0x37063a1083788f04be5fab0365b65daee916b440,TPAD-WETH 500 10,1093.9332705880558
0xf0a08a6814cd06a5f2e3adc867e113f1bbbe327f,CAT-WETH 10000 200,1086.128458004784
0xe6f31409282902aa39bcfa06763edd46c0a995a3,QUACK-WETH 3000 60,1076.6506201323748
0x0b17bce10337ac829c190a94add5855be588ebcc,E=Mc2-WETH 3000 60,1046.3489868183233
0xf31dbb5b43196def80e16a9355110441b65ce111,SOGE-WETH 3000 60,1027.3821785434832
0xee42801737c98572acfc3573cce7a5cd79568612,LPOA-USDT 500 10,1027.3267037742594
0x4440e9962b65af35f6229c7efc040fd9adcbbb39,SOS-WETH 500 10,1024.5810908090532
0xe7c7114245553134f944aadf0ef2f29cbced3b68,DAI-ZITI 3000 60,1009.4467754113367
0xd8b55a29d29ff8b06f1e3808e059d6554c2d558b,MESSI-USDT 3000 60,1001.0835326987035
0xfa7d7a0858a45c1b3b7238522a0c0d123900c118,RAI-USDC 500 10,984.8611204697465
0xa4a739639022750a5e672832ebc806b0ebee8c77,MNE-WETH 10000 200,984.1474604715163
0x62495596732c1a899e13f4389d09dc54fdc485e3,ADOGE-USDT 10000 200,983.054310416503
0xa63b490aa077f541c9d64bfc1cc0db2a752157b5,DAI-USDC 3000 60,975.8448361860393
0x8d14dd4a87707d38f5f77cc893acd59ecd1e0d74,WETH-DONUT 3000 60,975.5242730777508
0x408a3962d014d5bb9ee2e4ba97c2366d11751db8,WETH-DOGGY 3000 60,974.9521046793178
0x1af92176843ac84e254ee9c5e839b73f8c7beedb,DCUPS-WETH 10000 200,946.8296934275743
0x9781c95d9f7615b13d0b1cfc9a0a3e84ff4e7700,MLT-WETH 500 10,937.3231948237475
0x306e12b60ad55cf2aea010a3b47b5a5d2df4b4cb,COMB-WETH 3000 60,898.4589721845402
0xd04e4752a3539a59c04dca93b9fb3d77d8c5caf0,PAPI-WETH 10000 200,886.3436803559564
0xb60b34d830f26c5a11c47ddb1e0a1f31d90a78b1,DIA-WETH 3000 60,870.0403939794345
0x1c91ba1de1573f025fb9f6f34d544cd396bc2ff5,VEGAN-WETH 10000 200,869.5757359612488
0xa1446c173f9a78a471958c3d667f82213995f1e4,WETH-420 3000 60,863.0938176229631
0x095963d48c8676946118ab9ea17fc58c445ffcfc,PRQ-USDT 10000 200,850.6569796981821
0x117b0cc559275177925ad10b4161c0804b63ff3b,WETH-HASH 10000 200,837.105883500696
0xa002b56364cd8ae52c7e1a176c088d019e54f108,WETH-DACXI 3000 60,827.9512011862575
0xfb3b5a0e03ae12c41492d70bd210e65d25cc01dc,QDT-WETH 3000 60,817.6504436414475
0xaad5eea6725f2ae5df8dce7cb625512a0e9882db,BONDLY-USDT 3000 60,803.6415005327331
0xfbb358b2274388f8395c5cde478375cbeeb32abc,BUX-WETH 3000 60,798.8205108863048
0xdce9cde0ccc3493eb6626466d490fa75aa29f23e,WCK-WETH 3000 60,777.4120606376948
0x09818325afd92e866a58d3c170d19a3a1c5a1c53,WETH-MAC 10000 200,769.9438745165321
0xabb670b47096728571672408057ac258176c3809,QUA-DAI 3000 60,763.643166822858
0x07d1f222360e36ce692e687907fd5d0994fe206d,Cvk-WETH 500 10,758.3950190367296
0xc287afcf1b54c9ec347d37df1707609be4594cca,ART-WETH 10000 200,752.8563111267099
0x07a6e955ba4345bae83ac2a6faa771fddd8a2011,MATIC-USDC 3000 60,747.7372241841036
0x79115e1d29457a1a13cfd2b6f3058cb5be731615,INVOLTA-USDT 3000 60,735.8912222864005
0xa666a0f6a48b26a309a3e17c65eec509ad91c2d0,KITTY-WETH 500 10,732.4668776857383
0xef2431e4d8c55711e9728c6f0006035394232c69,Mii-WETH 10000 200,726.2910430028649
0x903451f625b5234083278f233684880a8f139188,WETH-BNTY 10000 200,725.170130586559
0x65629a9fd808cd617543876711134012cf54062d,KAN-WETH 3000 60,721.8533798746184
0xd6eb16947ddaf5c307e701afb6b7f4b5857c6eba,EILN-WETH 3000 60,720.4803124640475
0x087a2050f5179130e5687b410a2d41633278717a,DAO-WETH 3000 60,700.843237406955
0x13de617a7a77ba23e3cb583774111f0a068ffced,WETH-KOGI 3000 60,692.1789904975858
0x9b92e5222d50a36b5926ef646e4cc8d4b18f2a36,POOL-WETH 10000 200,685.907008855301
0xc687ba428c844cf91e4e53a32e0dc5d5658d2436,CBD-WETH 3000 60,676.178211204104
0xe55e68925809784c8234dfcf6f8fa42c3a48b2c3,TUSD-USDC 500 10,667.7588100510272
0x62cc5cb2700a1eca8eadba9a3467b4887a51a028,DAI-FORTH 3000 60,655.6113661313805
0x34373d19ea114f842d745628b9e7cf0b3fc14704,WETH-WSB 3000 60,655.3896602783767
0xa8d0517ebcb1ecbb4745a4298d75e0592c463396,SLR-USDC 3000 60,651.1932053304369
0x5631ad9041e9e4595e3b1f87f904200b80ec669f,NELK-WETH 10000 200,649.5118924186778
0x85c894e06791fc7a21d8915e14dd0956971488e7,SKULL-WETH 10000 200,620.2121322202668
0xdf1adcc682e598e543d7709c72ab27c33c51fa33,C-WETH 3000 60,602.740017657314
0x44f6a8b9ff94ac5dbbafb305b185e940561c5c7f,YAXIS-WETH 3000 60,571.5178742480609
0x035193e068e068e478f46bd703e87f580a03bca2,ASCX-WETH 10000 200,567.6236501074071
0x05f44e07c2ea8c574dcf94cef651a25c52557da5,UBDT-WETH 10000 200,563.766296374291
0xc36180160b66c8882d66a93568a73131aef0c450,WETH-GAZE 3000 60,531.7599876875978
0xd119ee880fcf4eff4cba49dd2233966eb217c887,WETH-PZL 3000 60,529.5382594714648
0xc49e7a107c875072d2125cc45171aa603ecd958e,EGU-WETH 3000 60,526.164010501369
0xe77fa8a57aa5cbf1d60778866d5bc164ab913c1c,GREEN-WETH 3000 60,509.5343490362605
0xb9546374d2127a056cfb4dbc6d987e476146c4ea,SPAY-USDT 3000 60,500.003463755948
0x418eb2f342d8189d480506ed814bcdf8cac52254,arte-WETH 10000 200,487.88690991925466
0x0b5437da77321d2b9828eeffcf47e42d2a8e360b,bALPHA-WETH 3000 60,485.25100538672217
0x55922d884f673f4d2505ad8bba157003e097d601,WETH-CVR20 3000 60,467.5373868957915
0xd82cd876c967f1aee2664c1db64ef3c797650ae4,FPAL-WETH 3000 60,464.1775003854661
0x0dc9877f6024ccf16a470a74176c9260beb83ab6,RAI-WETH 500 10,449.6450726163715
0xb99e2596af1a6bb67e367111f27125d8d7759cd3,anyFSN-USDT 3000 60,437.3338867103406
0x6e2a6e92d1c0df4fbf7b35e9aebf2e681c9e6f5f,sUSD-WETH 3000 60,420.6972891585046
0xe8c2030686fc3b0161ee1def0e8d01dfe4fac0ac,FLOAT-WETH 3000 60,416.042366020802
0xd3be770278dbb8f0ec34aa8508febdad5df10022,WETH-CBK 3000 60,411.0137832949313
0x201e6fc98cda33649102915340723ab2144a552f,BitCanna-WETH 3000 60,408.9527105847789
0x3de1a0f57840c9fdd4d53fc5a01178ac2c8f2edd,yTSLA-STAR 10000 200,391.8165956908665
0xef01fdbb48a7400963d6eaf1a1efd555a5bf2a92,UNI-ETHMNY 10000 200,375.0433513547391
0xf22bb4e5b4352ac18eed4b7008e7e8ebbc587938,RAY-WETH 3000 60,372.822454409444
0xdc1577aa8885f296b84204cd94499242d46ec75c,HXRO-USDT 3000 60,356.32336464171647
0x3c0cea3b62de515285b6053a4afc6e7702300d53,IOI-WETH 10000 200,348.78299560610776
0xf55de49ba7507428f282372b1e826787adcb2bc1,FUNKY-WETH 10000 200,348.21463457001823
0x27a9ff745cf1dd366d94267cb4ade2350588a187,WETH-AVINOC 3000 60,340.8072292782803
0x53c7c1f4646cd6e7c3913af985da4def81d0e568,BLOB-WETH 3000 60,340.78092348222395
0x5c6f96bfe18b75d5982a66fb27d4c34381216089,WETH-wtf 10000 200,339.07251018066603
0x2f233a1e291ea4e84933a43304714028fca7d5ca,PRP-WETH 500 10,339.0725101806651
0x2f1dec6c83ff85030825a1d19f7697cc5e3ddefa,PTOY-WETH 10000 200,333.46515616478337
0x7565027a30fe580dfb38f61ac641444cf6bf8b50,OMT-WETH 3000 60,318.34626574549475
0x58b8a1cae4c8eede897c0c9987ff4b5714ef3975,BUSD-DAI 500 10,313.3267191554966
0x4e30dbec2e22be07f235d2311f9b691046370d18,WETH-UNI-V2 10000 200,313.24897630336505
0x10cb35baab0a8d6c3612083a9cf0f57df0b16e60,PICK-WETH 3000 60,303.69873620968053
0x506af98c933d1d8ebef24af7a4b80956a5b716ea,WETH-SKKU 3000 60,301.3648671338227
0xddfd3bab33c48ade88c8dbea44a2e49d9ab55fca,TESLA-USDT 500 10,300.16262454615486
0x7eac602913b707a6115f384fc4cfd7c5a68f538e,‚öóÔ∏è-USDC 3000 60,290.61423476515284
0x7ada233945c2e8fddeac58e87066e6a3b6204eca,DFL-WETH 3000 60,278.70037786841135
0x46d3c903149a3bff0c7c7dbdb0b6c6d885d51ab3,SHIBASWAP-WETH 3000 60,269.1626550330937
0x02a30e41fb3180d0a3561f1f1742fcd4fbff9d55,LTY-WETH 10000 200,266.65860974966836
0x93d1df74317d18550e197c146ed29f178d027265,PASG-WETH 10000 200,262.09944476204777
0x689b322bf5056487eec7f9b2577cd43a37eb6302,WETH-ALCX 3000 60,247.45687750613718
0xdc7b403e2e967eaf6c97d79316d285b8a112fda7,FEI-WETH 500 10,247.22019267373682
0x0e76293a9ebd178813fc61b87ed3ddbfbfc8d22c,WINR-WETH 3000 60,246.63965221490776
0x6350b0d4f9e7a52630073fe0cab6dea0f4052bf3,FXS-FRAX 3000 60,246.0821952035178
0x92c7b5ce4cb0e5483f3365c1449f21578ee9f21a,FRAX-WETH 3000 60,244.08211363741694
0xa558d7b6503ad84b1127c28921264bff1b5c23ab,TNO-WETH 10000 200,234.8691616112636
0xfbd8d5c0a0bce6cffc85cb305dd0ab410e59523c,TCH-WETH 10000 200,233.61441246898505
0x00323a300261042dd5d697e3f92a06279cc7d15b,LTY-DOGY 500 10,209.31229709477498
0x95d3032852f7ea7d896330d2c73f6a7944c5f951,CALI-USDT 3000 60,203.25391233130077
0xcf6bb54412148b157b3e087688878b56f84b1426,FUCK-USDT 10000 200,202.47642754056363
0xfb59318b2115e752352571dbfff8feedcc4d4b0b,USDT-ENJ 3000 60,200.81337269601843
0xaa55e92801fd60e477bcd1d997a8b6994e16d970,WETH-IXT 10000 200,196.35041977076827
0x0c6e72fa46a48264800469d07d6e74ac28bef380,SHDO-WETH 500 10,190.86527031708943
0x5b78b01680dfd84948980ba91bc3be461d40ae49,UBXT-WETH 10000 200,181.45882804790057
0xb2db88b3823addf21fa274e570ea4e08cde4b210,OilMoney-WETH 10000 200,180.72339534183945
0xe6edb1a920e230c0c7db5ffa61c9397b0624efce,INI-WETH 10000 200,180.53326902792674
0x80f91f7da5068a055e48f213ce8406a5ba0280b1,ETH2x-FLI-ETH2X 500 10,178.5440267873612
0x4b3b0daec7e180cf60409a8b388f0bd8a05fc68e,OVC-WETH 3000 60,174.10731728500912
0xb4a5ebfc53230212cdcc9621de294e3176860540,TRAMS-WETH 10000 200,174.10640609743564
0xc3d688ff921e73dd7082a9d4915c9f9600c135ae,MEME-WETH 10000 200,170.117251646964
0x9861039bf9b66b3b30d59da1e7d4034fd08b8b3f,NYAX-WETH 3000 60,169.75868534957218
0x5626df2d1e555ab8d66a34932aa035d6733a23cf,USDT-VISR 500 10,169.63514611469984
0xee249c933d023e36dcb57e9e6addb761b09cec2e,Boga-WETH 10000 200,168.37248336043808
0xc04d960757b1444bfca6dea218864d1322a33cf7,WETH-PAS 10000 200,166.38296645200197
0xf34efa220222b9232f0237918618000ff4860608,1INCH-ETHMNY 10000 200,163.23099831570713
0x618004783d422dfb792d07d742549d5a24648df2,WBTC-LINK 3000 60,162.13473538155716
0x9a48a62a271fcae163cf9000b3c236a1c70af3cf,USHIB-WETH 3000 60,157.42079673357222
0xe619727a5fa81fa95964ee72f762c1ec35f2b475,GRINU-WETH 3000 60,157.39253430445473
0xd80aa3d6df4dd9330d2d40fb7746b2b52d12aa53,ARTS-USDT 3000 60,152.4110415591382
0x3d61c8c42d6cda9cefbebe6e322597ddc37692ff,cUSDC-USDC 500 10,150.0361923908557
0x237d47565461f7a6928dc3483fedc9387b2f2c4b,UNI-TORN 3000 60,138.74699613854716
0x60e4952f8540b043b8b83e33c4893e13d9a43ea8,DG-WETH 500 10,137.72022244689117
0xeb0f69a396a5e04e6f232606ab7da6ae3b2876ac,MONA-WETH 10000 200,136.74073004151566
0xfbce8ea43a575359f4783b6801ebf7bcee5762f6,XNS-WETH 10000 200,134.58132751654685
0xe09e394be1ffd85da23f00749f0090630b701ea3,FIC-WETH 3000 60,134.18022063525885
0x7f1864750e943c4cf187c6abe3ef6c1f004b6e94,Jedi-WETH 10000 200,131.16044525371228
0xe381f103ec66e9c7f26fd1104d33f74960ef9798,PANDA-WETH 500 10,129.47704256178497
0xa343fdac58ac0f8bae2b917792ee5007ca50c767,SAPSAL-WETH 10000 200,126.29400674474235
0x230d6ef3fa58548c8d42e452440ceeb2d43b21ae,DOGEFATHER-WETH 3000 60,126.27936252032856
0x14243ea6bb3d64c8d54a1f47b077e23394d6528a,LINK-AAVE 3000 60,111.41445411388233
0xcb1d8b40eed1e1bd5b897586bd0a12575d73546a,MOAR-WETH 3000 60,106.16282511615992
0x6ad1a683e09843c32d0092400613d6a590f3a949,WETH-rUSD 3000 60,106.1441810494244
0x3e2cd79db408061bbd6ea42483d333d7d44d229b,BULLION-USDT 500 10,100.15888708399766
0xb6746400bec6d6bef46fa3d331c6c604dcd7cb64,LNB-USDT 10000 200,100.00082895567523
0x312e2e71a15df6f0a46385242fae95edad67c2f5,WETH-MP4 10000 200,95.6963916959591
0x6351017b912177a4bc37459521f4bdc859e846b2,WETH-DOGELASEREYES 3000 60,94.00853061578592
0x780bce7a74e61048139a4d81281058ae127e1284,TAP-USDC 3000 60,93.59011436852757
0x206c9f6ad08a8f2a3cc05bd3939cd49287560096,SUSHI-USDT 3000 60,92.69747302600557
0x97967631c9efac106fd0441575dfd57322537ee8,UNI-BUSD 3000 60,92.35727625093521
0x6241541105dcd8291bf2cc43ad19c0c2fb78e301,LOTTO-WETH 3000 60,80.7487965099281
0x091c0158ab410bd73ca1541409d5a22e90146a04,LINK-DAI 3000 60,76.30069340218628
0x8bb478f803026f62a70754a996cd37fc4a05c77e,SSI-WETH 3000 60,69.64292691400365
0x50ee48cc4f3c4539970e2c54c3ea7c8fe0a19d89,EHH-WETH 10000 200,64.11136720342958
0x63f89df548da9c9808daa80b21fd9b58b7921d75,PKG-WETH 3000 60,59.310497799412204
0x3209c64bf470fafecb8b87db3d8ac1baa3ecf629,LINK-DAI 500 10,58.710488365043744
0x882e9891752d374177f192713fd591afe18b688b,AINU-WETH 10000 200,56.369879776553766
0x67f324ae38deac3e692d5549d9e5650b37af96a2,JNL-WETH 3000 60,56.06745899255641
0x0348287cc7e7b31caa986cf68fc2c665b09ddaa1,GROW-USDT 3000 60,53.47754211680858
0xcc56baae6ae8abbf83b552dfe72672ae2e7b8b6b,1RING-WETH 3000 60,52.31744934091617
0xe258f08fed6f3a46de5746454b62ea937dd5b9b2,WETH-STARS 3000 60,48.72373290203051
0x863229fb7908f06fc7a685d4e64327c2a82f482f,ALICE-USDT 3000 60,48.36076880294319
0x058e136bc597082589d2cf5d0d021e22b6556a9c,100MD-SHIB 3000 60,46.66933930092087
0x2ab8631f0dfd59b7f245ff9fd95c0df9cf6649f1,WETH-MBMX 500 10,42.80319506079848
0xf649a64f3e1c171752e2135df4b4f20649b1a6b2,WETH-WLAMBO 3000 60,42.09312084010952
0x0fa33fa904b70a5e1c62d878838000342b8477ac,TERR-WETH 10000 200,40.41317883241484
0x9ef116ae7a058a41ada38afb2d3dca0ecea6af4a,DHV-USDT 3000 60,38.59188889163938
0xec6a368f33ef9a60bfc8aeb61ce24a44c58c42af,CODE-WETH 3000 60,38.284029643973774
0x1f91969bce00d7bd2939fbb9cdaf96d9b50fac61,MASK-USDC 3000 60,36.62710006777584
0x79cc95d8ca2c80d3358fe17520f50b70467a6a28,EKUKE-WETH 10000 200,36.62334388428691
0x88bbf71ac44c061afe891ef142854fe07f74710d,BNT-USDC 3000 60,35.54412533754864
0xb45504b6a5f9f734ef9414f45532aed9d2979d24,HELLO-WETH 10000 200,35.042161870347755
0x838bea052c4ab25a94867cc4dadf45d1a6cafba5,WETH-PIXC 10000 200,34.87829956061078
0xbe7e3ed03494a4ddd5b39ffec7d4eb6b5c8ad7db,DEEPI-WETH 10000 200,34.821463457001826
0x5f2a70d1622e8fdfe10acd11f1717ab557ef390f,SHIT-WETH 3000 60,34.821463457001826
0x7c6c590a9d766665b97f3f26966e74f768177c6e,RNBO-WETH 10000 200,34.101715765965196
0xf0e4f487bfdb6a7a7d9384eab36aab9b3db28eab,WETH-STASH 10000 200,31.667485340948925
0x082eb122f23802e0375086d966b8a5496e03266c,üêü-DAI 10000 200,29.304036627177428
0xd8351444792237572b2e5f22e4283208aca6f77e,COT-USDT 10000 200,26.795160189532968
0xd01c8bbbcbc50cd16d7aa6ed7be995cd02def90c,WETH-COOK 10000 200,26.237071362193962
0xad76da68a204fe301cc9b1c60f7166db73d35e76,MASATO-WETH 3000 60,26.232089050742456
0x0ff3164c4fcb2bebc21cc25ef4bd5743b893f464,WETH-SHIBAGOLD 3000 60,26.078018895962394
0x1ded587b37852c7b8e2ec114abdf64023986666c,WETH-MARS-A 3000 60,23.28144931366175
0xc9a90fd43b224c94b5fd56231231ef6b209f8b78,RNBO-WETH 500 10,23.033761523863383
0xa6b9a13b34db2a00284299c47dacf49fb62c1755,UNI-LINK 10000 200,21.922706665289898
0x956c9e68e2b2f1fdb7d4eec78cabcaf832172889,BOOMB-WETH 3000 60,21.04656042005476
0xb4cd8c338662590abd2d9eab0d79081f9507bf3d,YSC-WETH 3000 60,20.14148247026737
0x373ab69dcec0d8067d17805b17a01ffe4efed44a,REYA-WETH 3000 60,19.832050731186996
0xa462c95042fc3aa96aedc89ca4daadb7ebd366d8,WETH-SPACE 3000 60,19.499042093586358
0x9daafeccd7bc0cf075ef5e01346bb73e9c1d39ac,USDT-O3 3000 60,17.804813807001754
0xc8c5b5d0e2e4923e07d1aa1a79968f0c3b407c35,STMY-WETH 3000 60,17.341729621438837
0x59a9cf0e11409d7cbf9379dee80d06b2aec74660,ALCH-WETH 3000 60,17.334634166666667
0x106eaa4c278f28c5c8bdc5adb39b6421caf6acad,E=Mc2-WETH 10000 200,17.269974341505232
0xc5d8491be7d9cae4b5e84735dda387d549ca50cd,KNDC-USDC 10000 200,15.134233574866187
0xb26ba50fd79d5faa2202715f743e86c8deb9375e,WETH-MEOW 10000 200,14.663666798703984
0xaaadbb0d64f6d25731306f11e9ee94b486d53e43,LUSD-NCT 3000 60,14.557138762837102
0x290c4ae844b49ecda04c14067dac992853fb72b1,IOI-WETH 3000 60,14.330526627962834
0x9c2dc06da074919537ebf0bd1e85fc815dea797c,WETH-SHK 3000 60,13.458132751654684
0x8649b95e8eb0ba864178dec435569b0417236ea8,GHINU-WETH 3000 60,12.662593362018354
0x88f1c1c094884450efcd252f3a574d64e0b1290b,TROY-USDT 500 10,9.998673943797588
0x30677200a9e6a3f406dd4e0792ff0d7ef4286cdc,XFIT-WETH 3000 60,9.664213763365485
0xf75f75dd08418988c1b8e7ec9c64fa935b6b6f8d,BRIBE-WETH 10000 200,8.688798806376727
0xf573c056da20163042ed8590dac0147a134c8a42,ALC-WETH 3000 60,6.016743308927471
0x7092a5d8ed974a6f4bd31850b9324041861b8e0a,LOOM-WETH 3000 60,4.700426530789295
0xa32650483e4b5d51416c41a3870b0e4a53c7e09e,WETH-GOVI 3000 60,4.0860710526827715
0x72981da7b90e1705bda0734da4e3ea60043c7aa7,DEA-WETH 3000 60,3.936686344119048
0x1bc71d896330ac8ac63e07a9da8bf27010e065bc,MEME-USDT 10000 200,3.8901133987154615
0x8c954d86678ee71f824a02367b4041ccc0d09527,WETH-Eauric 3000 60,3.480060168907087
0xb201503fd668f5dd67b128ad7f4131f05f2b4ee4,DATA-USDT 10000 200,3.001188196367717
0x6130a21cb799b1567b7b0e6eb0205ebdc167c655,WETH-YUMA 500 10,2.6232089050742453
0x83606a6ed800bec388bec1299b49d32c1f92e616,WETH-LIX 3000 60,2.5017358470572577
0x4611cd31e4411f98534c0ca50ba3218ea311b5f4,Tzki-WETH 3000 60,2.1046560420054763
0xbd5c3633a15061d6dde572e36c4d1e59df4407b6,YFO-WETH 500 10,1.8801706123157182
0xebfbb88116f4cca37f45b08c6502113740c5bdf5,USDC-DV 500 10,1.0002497240587847
0x60024f3b6334cd490e84971ad5ac42b1346abd9b,DFCOIN-WETH 3000 60,0.5893705557779666
0x919d9fb4f00089bda65dff6c90cb78552ee4c19d,KEY-WETH 500 10,0.48512160160827966
0x798f5c12c9bdece7dc9694ce244231c22a0f702b,GIBBY-WETH 3000 60,0.4740352460470738
0x528bee00dde5d1507011ccd4d43a9835ca513777,LHORS-WETH 3000 60,0.3465662219950149
0xcc8bd8212c4b0f913910cd5b7ff20b53d3ceb659,WETH-BOXER 3000 60,0.23502132653946478
0x3b3f288f1f5db1b3318103a2e8bebff464e06ca0,NBNG-USDT 3000 60,0.21290937136624982
0x4b1f895066058662b9fa885e87a4e4159be0798a,NMR-WETH 3000 60,0.21044555915897337
0x4cdd5c0780a07987b71e9e29ae2e770d8820971e,EHR-WETH 3000 60,0.09159982384795132
0xada30691d6a72a0c975d4a182846095885a8ef7d,WETH-SING 3000 60,0.04209312084010953
0xedcfece1060e568e10425e95e35b179d5b5a2b5f,WETH-BDOG 3000 60,0.04195450681187381
0x3fdb6c0073fe81dc662c8a1a418aa3195f4a75cb,OTTERP-WETH 3000 60,0.03823686182761014
0x2aec4724f94c0ec15869a9dc33b6929bb08751d1,Dobi-WETH 3000 60,0.01027382178543483
0x54706374f88e9908ac2c518302da322aebd46473,COST-WETH 3000 60,0.007050639796183943
0x2a4e8fe56038e05b1421924190a2555ecdd4180d,PRP-WETH 3000 60,0.000022508786367320315
0x036af0f99eba3e8e90c77cb53140fc89f2b4ea97,TEM-WETH 3000 60,3.4878299560610776e-7
0x7289ba7c7b3d82faf5d8800ee9dd2fa7aba918c3,BTSG-WBTC 10000 200,1.4963552653945456e-7
0xb74f0303ebfe9d5c08b6f89d9baf121117cd9dc9,WETH-HOGE 10000 200,1.6358954650895983e-11
0xb4462a4f2ecef1638e564e2d923d0e46008836a1,DILI-WETH 3000 60,5.246417810148491e-15
